69.2783415,2.02366525,29.3224
69.2757064,2.02194769,29.3224
69.27308477,2.02022523,29.3224
69.27045873,2.01849788,29.3224
69.26781751,2.01676473,29.3224
69.26517119,2.01503573,29.3553
69.26251868,2.0133116,29.3553
69.25988988,2.01158667,29.3553
69.25727174,2.00986175,29.3553
69.25464565,2.00814704,29.3553
69.25201836,2.00642324,29.3669
69.24941174,2.00469894,29.3669
69.24680163,2.00297992,29.3669
69.2442018,2.00124435,29.3669
69.24164589,1.99950392,29.3669
69.2390797,1.99779239,29.3919
69.23649714,1.99610374,29.3919
69.23392252,1.99441326,29.3919
69.23132947,1.99273784,29.3919
69.22876419,1.99105938,29.3919
69.22620702,1.98939079,29.3389
69.22365267,1.98773716,29.3389
69.22109,1.98608885,29.3389
69.2185643,1.98442464,29.3389
69.21605328,1.98274372,29.3389
69.21354784,1.98106106,29.2789
69.21103835,1.97938963,29.2789
69.20852613,1.97772442,29.2789
69.20599203,1.97608746,29.2789
69.20347583,1.97443505,29.2789
69.20096826,1.97275876,29.3518
69.198441,1.97110515,29.3518
69.19590947,1.9694621,29.3518
69.19339308,1.96780226,29.3518
69.19089592,1.96612553,29.3518
69.18839544,1.96444453,29.3828
69.18589078,1.96278097,29.3828
69.18339685,1.96112717,29.3828
69.18089617,1.95948794,29.3828
69.17839296,1.95786793,29.3828
69.17592824,1.95626789,29.3113
69.17344531,1.95463479,29.3113
69.17090986,1.95300388,29.3113
69.16837409,1.95137814,29.3113
69.16586609,1.94972545,29.3113
69.16336462,1.94806909,29.3011
69.1608536,1.94640292,29.3011
69.15832603,1.94475666,29.3011
69.15579976,1.94309669,29.3011
69.15327167,1.94143114,29.3011
69.15073052,1.93976829,29.2849
69.14818468,1.93811234,29.2849
69.14564335,1.93644545,29.2849
69.14310122,1.93478499,29.2849
69.14057202,1.93311716,29.2849
69.1380743,1.93145157,29.3193
69.13559321,1.92977487,29.3193
69.13309195,1.92811225,29.3193
69.13058061,1.92645644,29.3193
69.12807619,1.92479539,29.3193
69.12555947,1.92315406,29.355
69.1230475,1.92149223,29.355
69.12052208,1.91982346,29.355
69.11799108,1.91815113,29.355
69.11547006,1.91648136,29.355
69.11295189,1.91481399,29.3728
69.11042295,1.91315582,29.3728
69.10790156,1.91147423,29.3728
69.10536663,1.90978473,29.3728
69.10279953,1.90812156,29.3728
69.10024768,1.90646482,29.3658
69.09771413,1.90481506,29.3658
69.0951785,1.90314296,29.3658
69.09262644,1.90146152,29.3658
69.09006337,1.89977395,29.3658
69.08748053,1.89808006,29.3581
69.08488546,1.89638533,29.3581
69.08228685,1.89468845,29.3581
69.07969443,1.89298869,29.3581
69.07710094,1.89126862,29.3581
69.07449826,1.88954441,29.3456
69.07190412,1.88782791,29.3456
69.06932254,1.88611344,29.3456
69.06674374,1.88440208,29.3456
69.06417415,1.88269158,29.3456
69.06158327,1.88099612,29.378
69.05897378,1.87929903,29.378
69.05636544,1.87762398,29.378
69.05378084,1.87593608,29.378
69.05121035,1.87422005,29.378
69.04862327,1.87251305,29.2929
69.04599983,1.87082058,29.2929
69.0434319,1.8691034,29.2929
69.04086763,1.86740788,29.2929
69.03830209,1.86571222,29.2929
69.03573199,1.86401031,29.424
69.03314962,1.86231269,29.424
69.03056571,1.86061422,29.424
69.02801636,1.85889533,29.424
69.02542684,1.85718748,29.424
69.02280698,1.85547958,29.4195
69.0201899,1.85376155,29.4195
69.0175673,1.85202316,29.4195
69.01492589,1.85027169,29.4195
69.01227241,1.84853204,29.4195
69.00961494,1.84679423,29.5289
69.00694787,1.84504761,29.5289
69.00426835,1.8433053,29.5289
69.0016115,1.84155118,29.5289
68.99897337,1.83978976,29.5289
68.99631272,1.83805523,29.552
68.99364929,1.83631804,29.552
68.9909875,1.83458078,29.552
68.98833606,1.83283927,29.552
68.9856742,1.83109759,29.552
68.98301652,1.82934716,29.3279
68.98035376,1.8276119,29.3279
68.97768619,1.82586515,29.3279
68.9750161,1.82411891,29.3279
68.97236227,1.82236875,29.3279
68.96971479,1.82061355,29.4068
68.96706885,1.81883405,29.4068
68.96438882,1.81707519,29.4068
68.96170104,1.815309,29.4068
68.95900618,1.81353748,29.4068
68.95630248,1.81178978,29.2925
68.953617,1.81002828,29.2925
68.95094796,1.80826054,29.2925
68.94828497,1.80649593,29.2925
68.94560315,1.8047588,29.2925
68.94295401,1.80299965,29.4113
68.94029084,1.80124782,29.4113
68.93761079,1.79947861,29.4113
68.93493628,1.79769275,29.4113
68.93226633,1.79592243,29.4113
68.92957864,1.79416715,29.467
68.9268843,1.79240936,29.467
68.92420356,1.79063188,29.467
68.92152233,1.78886135,29.467
68.91883173,1.78712392,29.467
68.91615787,1.78536078,29.428
68.91348322,1.7835851,29.428
68.91081457,1.78181669,29.428
68.90813813,1.78007083,29.428
68.90546467,1.77831004,29.428
68.90278514,1.77652945,29.3715
68.90011212,1.77476129,29.3715
68.89744027,1.7730032,29.3715
68.89476136,1.77125819,29.3715
68.89208322,1.76950115,29.3715
68.88940296,1.76773413,29.2684
68.88673802,1.76597327,29.2684
68.88407961,1.76419727,29.2684
68.8813991,1.76242941,29.2684
68.87872037,1.76065791,29.2684
68.87603321,1.75889085,29.1774
68.87335589,1.75712622,29.1774
68.8706912,1.7553708,29.1774
68.86804142,1.75361012,29.1774
68.86537512,1.75185887,29.1774
68.86270917,1.75012901,29.1082
68.86007102,1.74839503,29.1082
68.85743069,1.74667513,29.1082
68.85478295,1.74494823,29.1082
68.85214157,1.74320463,29.1082
68.84949708,1.74146399,29.1894
68.84682813,1.73973583,29.1894
68.84416523,1.73799311,29.1894
68.84151537,1.73624397,29.1894
68.83888656,1.73447038,29.1894
68.83623099,1.7327171,29.2365
68.83357585,1.73097186,29.2365
68.83091193,1.72923992,29.2365
68.82826493,1.72747936,29.2365
68.82561162,1.72571923,29.2365
68.82296816,1.72395352,29.2397
68.82032865,1.72218869,29.2397
68.81768457,1.7204497,29.2397
68.8150485,1.71871436,29.2397
68.81240054,1.71697512,29.2397
68.8097376,1.71523577,29.1821
68.80706999,1.71349891,29.1821
68.80440873,1.71176133,29.1821
68.80175125,1.7100143,29.1821
68.79908415,1.70828236,29.1821
68.79642054,1.70652687,29.1908
68.79375943,1.70476722,29.1908
68.79109962,1.70304332,29.1908
68.78844892,1.701314,29.1908
68.7857958,1.69957162,29.1908
68.78315608,1.69781899,29.1962
68.78051392,1.69606398,29.1962
68.77788251,1.69430441,29.1962
68.77525005,1.69254164,29.1962
68.77260093,1.69079992,29.1962
68.7699613,1.68906777,29.1386
68.76732764,1.68731446,29.1386
68.76466416,1.6855766,29.1386
68.76198362,1.68383197,29.1386
68.75928861,1.68209075,29.1386
68.75661346,1.68034781,29.1828
68.75394613,1.67859474,29.1828
68.75126863,1.67683041,29.1828
68.7485928,1.67506826,29.1828
68.74592988,1.67329463,29.1828
68.74326808,1.6715191,29.1843
68.74058822,1.66975576,29.1843
68.73791334,1.66797422,29.1843
68.73521963,1.66620039,29.1843
68.73252691,1.66443344,29.1843
68.729832,1.6626538,29.1867
68.72713837,1.66085763,29.1867
68.72442689,1.65910545,29.1867
68.72171388,1.65736178,29.1867
68.7190235,1.65559044,29.1867
68.71632605,1.65380754,29.2189
68.7136378,1.65202235,29.2189
68.71095041,1.65023702,29.2189
68.708255,1.6484579,29.2189
68.70556087,1.64667871,29.2189
68.70287198,1.64487905,29.2421
68.70017179,1.64311107,29.2421
68.69745595,1.64134079,29.2421
68.6947359,1.63955979,29.2421
68.69201497,1.63777184,29.2421
68.68929906,1.63599675,29.2614
68.68660014,1.63421688,29.2614
68.68390671,1.63243576,29.2614
68.68122252,1.63063576,29.2614
68.67852967,1.6288509,29.2614
68.67582514,1.62707252,29.2339
68.6731219,1.62526868,29.2339
68.67043444,1.62343627,29.2339
68.66772857,1.62163604,29.2339
68.66504537,1.61985764,29.2339
68.66237016,1.61812477,29.2987
68.65969783,1.61639877,29.2987
68.6570549,1.61469224,29.2987
68.65442276,1.61299361,29.2987
68.65178581,1.6112916,29.2987
68.64914801,1.60958222,29.2182
68.64652888,1.6078715,29.2182
68.64391239,1.60614502,29.2182
68.6413125,1.60444966,29.2182
68.63871849,1.60275583,29.2182
68.63611583,1.60104681,29.1673
68.63351471,1.59933739,29.1673
68.63091153,1.59763618,29.1673
68.62830486,1.59593073,29.1673
68.62570073,1.59421584,29.1673
68.62311048,1.59249883,29.1566
68.62052421,1.59078776,29.1566
68.61792204,1.58906689,29.1566
68.61531472,1.58733872,29.1566
68.61270747,1.58560262,29.1566
68.61008499,1.58386017,29.1406
68.60744908,1.58214284,29.1406
68.60481322,1.58041748,29.1406
68.60218661,1.57867706,29.1406
68.59954988,1.57694549,29.1406
68.59691681,1.575211,29.1235
68.59428221,1.57346585,29.1235
68.59164052,1.57171647,29.1235
68.58899853,1.56996047,29.1235
68.58634227,1.56823083,29.1235
68.58368286,1.56649178,29.1285
68.58102938,1.56475616,29.1285
68.57838248,1.56300486,29.1285
68.57573937,1.56124954,29.1285
68.57309805,1.55950662,29.1285
68.57045873,1.55775549,29.1
68.56783474,1.55601533,29.1
68.56521435,1.5542921,29.1
68.56260457,1.55256216,29.1
68.55999244,1.55084829,29.1
68.55737417,1.54914289,29.0722
68.5547637,1.54743644,29.0722
68.55217697,1.54574579,29.0722
68.54961241,1.54407152,29.0722
68.54705488,1.54237768,29.0722
68.54450431,1.5406709,28.9892
68.54193718,1.53896767,28.9892
68.53937929,1.53727816,28.9892
68.53682423,1.53560346,28.9892
68.53424965,1.53391318,28.9892
68.53166803,1.53220894,28.92
68.52907446,1.53050085,28.92
68.52647244,1.52879259,28.92
68.52387469,1.52707594,28.92
68.52129148,1.52536088,28.92
68.51870585,1.52365038,28.9151
68.51610749,1.52193954,28.9151
68.51350293,1.52022585,28.9151
68.51090249,1.51849427,28.9151
68.50829256,1.51678508,28.9151
68.50567606,1.51509038,28.9309
68.50309349,1.51338034,28.9309
68.50050135,1.51166904,28.9309
68.49792629,1.50996942,28.9309
68.4953624,1.50830053,28.9309
68.49282029,1.50663646,28.9706
68.49027848,1.50496498,28.9706
68.48772765,1.5032838,28.9706
68.48518632,1.50159839,28.9706
68.48264913,1.49991293,28.9706
68.48010486,1.49823562,28.9913
68.47755671,1.49656274,28.9913
68.47501512,1.49489635,28.9913
68.47248167,1.49321717,28.9913
68.46994748,1.49154724,28.9913
68.46740726,1.48989471,29.0497
68.46488766,1.48824742,29.0497
68.46238387,1.48658573,29.0497
68.45987072,1.48492747,29.0497
68.45733979,1.48325827,29.0497
68.45480771,1.48158375,29.039
68.45227449,1.4799157,29.039
68.44972666,1.47824941,29.039
68.44718235,1.47658438,29.039
68.44462697,1.47492892,29.039
68.4420767,1.47327347,29.0726
68.43954047,1.47161423,29.0726
68.43702047,1.46994093,29.0726
68.4345075,1.46826057,29.0726
68.43199151,1.46658955,29.0726
68.42948115,1.46491985,29.0606
68.42697267,1.46324487,29.0606
68.42444967,1.46156467,29.0606
68.42191909,1.45988252,29.0606
68.4193749,1.45820724,29.0606
68.41681765,1.4565314,29.0193
68.4142505,1.45484583,29.0193
68.41168465,1.45315426,29.0193
68.40910594,1.45146662,29.0193
68.40651908,1.44977639,29.0193
68.40391498,1.44808019,29.0767
68.40130398,1.44638481,29.0767
68.39869773,1.44470655,29.0767
68.39609958,1.44301973,29.0767
68.39350564,1.44130764,29.0767
68.39091355,1.43956492,29.1089
68.38831459,1.43784054,29.1089
68.38571959,1.43611823,29.1089
68.38312674,1.4344092,29.1089
68.38053824,1.43270168,29.1089
68.37795627,1.43101432,29.0757
68.37538855,1.42932242,29.0757
68.37283151,1.42762509,29.0757
68.37028776,1.42593395,29.0757
68.36772323,1.42426261,29.0757
68.365165,1.42260736,29.0143
68.36261942,1.42095761,29.0143
68.36007459,1.41929437,29.0143
68.35754316,1.41762726,29.0143
68.3550163,1.41595906,29.0143
68.35248051,1.41429642,29.1428
68.34994765,1.41262684,29.1428
68.34740891,1.4109469,29.1428
68.34485567,1.40925835,29.1428
68.34228933,1.40757182,29.1428
68.3397373,1.40588806,29.1599
68.337187,1.4042166,29.1599
68.33462586,1.40254665,29.1599
68.33206703,1.40086767,29.1599
68.32950803,1.39918782,29.1599
68.32695691,1.39750056,29.1831
68.32441278,1.39582666,29.1831
68.32188422,1.39415366,29.1831
68.31934605,1.39249859,29.1831
68.3168059,1.39082503,29.1831
68.31426428,1.38913804,29.0787
68.31172817,1.38745498,29.0787
68.30918563,1.3857836,29.0787
68.30663046,1.38410167,29.0787
68.30407692,1.38241021,29.0787
68.30153345,1.38071899,29.0354
68.29895632,1.37903418,29.0354
68.29636707,1.37733096,29.0354
68.2937734,1.37562645,29.0354
68.29118727,1.37393062,29.0354
68.28860054,1.37224124,29.0024
68.28602275,1.37054309,29.0024
68.28344854,1.36883708,29.0024
68.28085931,1.36713695,29.0024
68.27828106,1.36541281,29.0024
68.27570646,1.3637164,29.2378
68.27313438,1.36205103,29.2378
68.27055964,1.36040058,29.2378
68.26799681,1.35870621,29.2378
68.26542661,1.35699132,29.2378
68.26284195,1.35526853,29.1774
68.26024638,1.35356078,29.1774
68.25765249,1.35187151,29.1774
68.25506605,1.35017618,29.1774
68.25249405,1.34846451,29.1774
68.24991886,1.34674948,29.2116
68.24734433,1.34503422,29.2116
68.24475609,1.34332744,29.2116
68.24215854,1.34163516,29.2116
68.23956424,1.33993695,29.2116
68.23697126,1.33822686,29.117
68.23437995,1.33651614,29.117
68.23178737,1.33480888,29.117
68.22917783,1.33309642,29.117
68.22656093,1.33139081,29.117
68.22395846,1.32968175,29.1246
68.22136521,1.32797462,29.1246
68.21878002,1.32628494,29.1246
68.21620681,1.32458687,29.1246
68.21363184,1.32287445,29.1246
68.21106257,1.32116693,29.1544
68.20848624,1.31946813,29.1544
68.20591569,1.31776854,29.1544
68.20335166,1.31607273,29.1544
68.20078101,1.31439407,29.1544
68.1982179,1.31271044,29.0746
68.19566107,1.31104348,29.0746
68.19309606,1.30936903,29.0746
68.19053115,1.30767596,29.0746
68.18797076,1.30600404,29.0746
68.18542748,1.30432484,29.061
68.18286995,1.30264506,29.061
68.18031004,1.30096547,29.061
68.17775695,1.29927581,29.061
68.17519773,1.29761355,29.061
68.17264365,1.29594914,29.1001
68.17009181,1.2942661,29.1001
68.1675481,1.29256932,29.1001
68.16501123,1.29087876,29.1001
68.16247792,1.28920505,29.1001
68.1599426,1.28755049,29.1198
68.1574228,1.28587891,29.1198
68.15489887,1.28422122,29.1198
68.15239492,1.28258751,29.1198
68.14989076,1.28095516,29.1198
68.14739581,1.27932621,29.2491
68.14492228,1.27769735,29.2491
68.14245426,1.27605343,29.2491
68.13997284,1.27440128,29.2491
68.13748416,1.27274751,29.2491
68.1349805,1.27110198,29.1832
68.13247166,1.26945268,29.1832
68.12997275,1.2678217,29.1832
68.12748527,1.26617914,29.1832
68.12500642,1.26453149,29.1832
68.12254112,1.26289972,29.1593
68.12007477,1.2612801,29.1593
68.11762057,1.25965096,29.1593
68.1151543,1.25803401,29.1593
68.11268017,1.25641775,29.1593
68.11021365,1.25477379,29.07
68.1077398,1.25312784,29.07
68.10525067,1.25147668,29.07
68.1027519,1.24982965,29.07
68.100278,1.24818744,29.07
68.09783543,1.24659275,29.1419
68.09540011,1.2450032,29.1419
68.0929616,1.24339902,29.1419
68.09051369,1.24177811,29.1419
68.08807163,1.24015062,29.1419
68.08562267,1.23854212,29.0497
68.08317347,1.23693847,29.0497
68.08071326,1.23531712,29.0497
68.07825881,1.23369695,29.0497
68.07581751,1.23210128,29.0497
68.07338157,1.23050268,29.0657
68.07096468,1.22890749,29.0657
68.06854963,1.22733619,29.0657
68.06614973,1.22578467,29.0657
68.06376094,1.22421779,29.0657
68.06136934,1.2226418,29.0879
68.0589803,1.2210632,29.0879
68.05659258,1.2194882,29.0879
68.05420216,1.21790388,29.0879
68.05180945,1.21631391,29.0879
68.04941133,1.21474329,29.1635
68.0469985,1.21318167,29.1635
68.04460668,1.21161121,29.1635
68.04220878,1.21002493,29.1635
68.03980152,1.20844217,29.1635
68.03738563,1.20686244,29.173
68.03499106,1.2052896,29.173
68.03259888,1.20371857,29.173
68.03019848,1.20215301,29.173
68.02780543,1.20057349,29.173
68.02542606,1.1989911,29.1362
68.02304224,1.19741424,29.1362
68.02064794,1.19582295,29.1362
68.01824786,1.19423169,29.1362
68.01585287,1.19264784,29.1362
68.01345667,1.19106478,29.1317
68.01106842,1.18950381,29.1317
68.00868769,1.18794447,29.1317
68.00630435,1.18638332,29.1317
68.00392422,1.18481777,29.1317
68.00154349,1.18324816,29.1235
67.99916679,1.18166708,29.1235
67.99679387,1.18009798,29.1235
67.99443169,1.17853231,29.1235
67.99208227,1.17698567,29.1235
67.98973261,1.17543181,29.1272
67.98736701,1.17386664,29.1272
67.9850143,1.1723146,29.1272
67.98266659,1.17076354,29.1272
67.98032023,1.16922794,29.1272
67.97797701,1.16769513,29.2016
67.97562834,1.1661538,29.2016
67.9732745,1.1645933,29.2016
67.97091542,1.16302637,29.2016
67.96855327,1.16147572,29.2016
67.96619225,1.15991178,29.2162
67.96382212,1.15834111,29.2162
67.96145548,1.15677842,29.2162
67.95908028,1.15523386,29.2162
67.95669391,1.1536774,29.2162
67.95430631,1.15211134,29.2281
67.95192549,1.15054595,29.2281
67.94954534,1.14899564,29.2281
67.947177,1.14744612,29.2281
67.94482316,1.14590257,29.2281
67.94247008,1.14434905,29.2078
67.94011106,1.14277846,29.2078
67.93774708,1.1412108,29.2078
67.9353793,1.13964109,29.2078
67.9330095,1.13807157,29.2078
67.93064565,1.13652208,29.189
67.92828981,1.13498281,29.189
67.9259205,1.13342744,29.189
67.92355846,1.13186738,29.189
67.92119607,1.13031181,29.189
67.91884336,1.12876677,29.1754
67.91650471,1.12722441,29.1754
67.91418875,1.12570171,29.1754
67.91189967,1.12419997,29.1754
67.90962877,1.12271791,29.1754
67.90736524,1.12123186,29.1607
67.90510543,1.11972688,29.1607
67.90285449,1.11827253,29.1607
67.90061036,1.1168216,29.1607
67.89835516,1.11531975,29.1607
67.89608714,1.11380711,29.1464
67.89379357,1.11229611,29.1464
67.89147398,1.11076601,29.1464
67.88913636,1.10921665,29.1464
67.8868038,1.10767008,29.1464
67.88448168,1.10614423,29.11
67.88218051,1.10463847,29.11
67.87987314,1.10311994,29.11
67.87756711,1.10159659,29.11
67.87526044,1.10006689,29.11
67.87296577,1.0985415,29.1166
67.87066843,1.09704349,29.1166
67.86837301,1.09554601,29.1166
67.86608707,1.09405076,29.1166
67.86380428,1.09255371,29.1166
67.86152334,1.09105275,29.1718
67.8592446,1.08956289,29.1718
67.85698413,1.08806064,29.1718
67.85469948,1.08655206,29.1718
67.85240894,1.08503138,29.1718
67.85012471,1.08352282,29.0012
67.84784668,1.08202927,29.0012
67.84558825,1.08052162,29.0012
67.84333509,1.07902931,29.0012
67.84108652,1.07754522,29.0012
67.83883815,1.07605381,28.823
67.83659412,1.07458313,28.823
67.83437144,1.07313175,28.823
67.83215347,1.07166924,28.823
67.82993828,1.07021742,28.823
67.8277243,1.06875656,28.9016
67.82550762,1.06728075,28.9016
67.82328766,1.06580339,28.9016
67.82106533,1.06434044,28.9016
67.81884613,1.0628933,28.9016
67.81663975,1.06146021,28.9708
67.81443482,1.06002456,28.9708
67.81222677,1.05858095,28.9708
67.8100188,1.05712768,28.9708
67.80780721,1.05567074,28.9708
67.80560834,1.05421792,28.6861
67.80340902,1.05276192,28.6861
67.80119335,1.05131291,28.6861
67.79898557,1.04985234,28.6861
67.79678278,1.04838503,28.6861
67.79458509,1.04694306,28.6532
67.79237998,1.04550633,28.6532
67.79017343,1.04405255,28.6532
67.78795879,1.04260222,28.6532
67.78575023,1.04114261,28.6532
67.78354822,1.03968681,28.656
67.7813283,1.03824329,28.656
67.7791056,1.03678587,28.656
67.77687531,1.03531897,28.656
67.77465738,1.03385885,28.656
67.77244322,1.03241221,28.6317
67.77021818,1.03096379,28.6317
67.76800357,1.02949688,28.6317
67.76579039,1.0280323,28.6317
67.76357946,1.02656594,28.6317
67.76137712,1.02510644,28.5975
67.75916448,1.02363778,28.5975
67.75694682,1.02219333,28.5975
67.75473681,1.02075328,28.5975
67.75253746,1.01928882,28.5975
67.75033486,1.01781617,28.5453
67.74811705,1.01634312,28.5453
67.74589312,1.01488049,28.5453
67.74367575,1.0134235,28.5453
67.74146678,1.01197388,28.5453
67.73926801,1.01054376,28.524
67.73707492,1.0090956,28.524
67.73488185,1.00765498,28.524
67.73267175,1.00621432,28.524
67.73046242,1.0047609,28.524
67.72825424,1.00329784,28.4903
67.72603757,1.0018364,28.4903
67.72382427,1.00037331,28.4903
67.72161865,0.99890932,28.4903
67.71940728,0.99744717,28.4903
67.71719078,0.99598386,28.5063
67.71498774,0.99452471,28.5063
67.71278233,0.99307273,28.5063
67.7105861,0.99160946,28.5063
67.70838365,0.99016087,28.5063
67.70616379,0.9887125,28.5108
67.70395735,0.98725422,28.5108
67.70176412,0.98580151,28.5108
67.69957208,0.98433939,28.5108
67.69736629,0.9828787,28.5108
67.69515879,0.98141073,28.4968
67.69295441,0.97996524,28.4968
67.69074898,0.97852176,28.4968
67.68854377,0.97707485,28.4968
67.68633687,0.97563249,28.4968
67.68411826,0.9741851,28.5211
67.6818932,0.97272027,28.5211
67.67965433,0.97126173,28.5211
67.67741201,0.96980226,28.5211
67.67517301,0.96834368,28.5211
67.67293037,0.96688278,28.4848
67.67069138,0.96541186,28.4848
67.66848956,0.96398953,28.4848
67.66620432,0.96251686,28.4848
67.66396497,0.96104058,28.4848
67.6617354,0.95956694,28.4599
67.65951961,0.95809484,28.4599
67.65730857,0.95663407,28.4599
67.65509212,0.9551736,28.4599
67.65286589,0.95372037,28.4599
67.65064207,0.95225441,28.4532
67.64841043,0.95076856,28.4532
67.6461779,0.94927679,28.4532
67.64393719,0.94780305,28.4532
67.64170142,0.94633779,28.4532
67.63947455,0.94488655,28.4405
67.63724108,0.94342247,28.4405
67.63500987,0.94194458,28.4405
67.63277987,0.94045937,28.4405
67.63054203,0.93897802,28.4405
67.62830758,0.93750847,28.4516
67.62606797,0.93604376,28.4516
67.62384186,0.93456521,28.4516
67.62161434,0.93310376,28.4516
67.61938771,0.93162848,28.4516
67.61716507,0.9301536,28.4262
67.61494257,0.92868127,28.4262
67.61271418,0.92721691,28.4262
67.61049186,0.92574961,28.4262
67.60827658,0.92429254,28.4262
67.60605177,0.92282894,28.4095
67.60381964,0.92135967,28.4095
67.60158643,0.91987488,28.4095
67.59934743,0.91839902,28.4095
67.59710989,0.91693182,28.4095
67.59488026,0.91547643,28.4108
67.59266074,0.91398995,28.4108
67.59043189,0.9125068,28.4108
67.58819344,0.91105029,28.4108
67.58594859,0.90959985,28.4108
67.58370727,0.90813293,28.4088
67.58148698,0.90664124,28.4088
67.57926492,0.90517362,28.4088
67.57704164,0.9037046,28.4088
67.57483464,0.9022373,28.4088
67.57262077,0.90077854,28.4027
67.57040458,0.89932412,28.4027
67.5681821,0.89786627,28.4027
67.56595414,0.89640399,28.4027
67.56373754,0.89495634,28.4027
67.56152503,0.89352308,28.4218
67.5593178,0.89208674,28.4218
67.55712683,0.89063658,28.4218
67.55493112,0.88918357,28.4218
67.55273258,0.88774136,28.4218
67.55054879,0.886301,28.4297
67.54837092,0.88485086,28.4297
67.5461724,0.88340811,28.4297
67.54397077,0.88194975,28.4297
67.5417686,0.88049456,28.4297
67.53957077,0.87906237,28.4438
67.53738022,0.87761385,28.4438
67.5351901,0.87616319,28.4438
67.53299014,0.87471354,28.4438
67.53078454,0.87328147,28.4438
67.52858408,0.87184098,28.4435
67.5263817,0.87040512,28.4435
67.52417396,0.86895415,28.4435
67.52196964,0.8674878,28.4435
67.51975017,0.86602378,28.4435
67.51752016,0.86457473,28.4279
67.51530632,0.86312649,28.4279
67.51311685,0.86167888,28.4279
67.51094299,0.86022919,28.4279
67.50876049,0.85877404,28.4279
67.5065622,0.85731048,28.4124
67.50434381,0.85586121,28.4124
67.50213895,0.85441098,28.4124
67.49995576,0.85295035,28.4124
67.49777138,0.8515034,28.4124
67.49558827,0.85006703,28.4248
67.49340745,0.84863244,28.4248
67.49123334,0.84719529,28.4248
67.48905657,0.84578221,28.4248
67.48686869,0.84435794,28.4248
67.48467732,0.84293815,28.4357
67.48248964,0.84150965,28.4357
67.48031734,0.84006889,28.4357
67.47815028,0.83861799,28.4357
67.47598282,0.83717478,28.4357
67.47380753,0.83573833,28.4091
67.4716354,0.8342957,28.4091
67.46947517,0.83286761,28.4091
67.46731868,0.83145342,28.4091
67.4651703,0.83003116,28.4091
67.46301398,0.82860604,28.3999
67.46085791,0.82720044,28.3999
67.45871104,0.82578083,28.3999
67.45655904,0.82436851,28.3999
67.45438872,0.82295031,28.3999
67.45222849,0.82151038,28.3757
67.45006263,0.82009224,28.3757
67.44788583,0.8186542,28.3757
67.44570599,0.81721376,28.3757
67.44353134,0.81578433,28.3757
67.44136376,0.81435677,28.3673
67.43921327,0.81292642,28.3673
67.4370493,0.81151347,28.3673
67.43486767,0.8100953,28.3673
67.43268494,0.80867513,28.3673
67.43051966,0.80724798,28.3748
67.42834505,0.80581522,28.3748
67.42617016,0.80435311,28.3748
67.42399534,0.80291565,28.3748
67.42181355,0.8014886,28.3748
67.41962847,0.80005645,28.3623
67.41744213,0.79863078,28.3623
67.4152544,0.79720399,28.3623
67.41307555,0.79576247,28.3623
67.41088724,0.79432577,28.3623
67.40869744,0.7928863,28.3616
67.40650489,0.79143658,28.3616
67.4043144,0.78998058,28.3616
67.40212818,0.78852905,28.3616
67.39993189,0.7870807,28.3616
67.39774665,0.78563686,28.375
67.39556772,0.78421492,28.375
67.39339308,0.78280748,28.375
67.39123446,0.78137776,28.375
67.38907702,0.77996387,28.375
67.38692216,0.77855002,28.369
67.38476944,0.77712892,28.369
67.38264066,0.77570695,28.369
67.38050918,0.77430873,28.369
67.3783673,0.77289474,28.369
67.37621192,0.77148119,28.3781
67.37404184,0.77005904,28.3781
67.37187367,0.76861292,28.3781
67.36970002,0.76718281,28.3781
67.36753621,0.76575273,28.3781
67.36537959,0.76430945,28.3892
67.36322254,0.7628794,28.3892
67.36105417,0.76148107,28.3892
67.35888788,0.76007066,28.3892
67.35673568,0.75864939,28.3892
67.35459656,0.75721664,28.3899
67.35246339,0.75579878,28.3899
67.35032946,0.75438779,28.3899
67.34819041,0.75299797,28.3899
67.34605663,0.7515884,28.3899
67.34391718,0.75017705,28.3926
67.34176032,0.7487846,28.3926
67.33960298,0.74737317,28.3926
67.33744442,0.74595435,28.3926
67.33530122,0.74453203,28.3926
67.33315637,0.74313066,28.3863
67.33101006,0.7417263,28.3863
67.32885072,0.7403115,28.3863
67.32668618,0.73888863,28.3863
67.32452294,0.7374459,28.3863
67.32235819,0.73600802,28.3759
67.32018333,0.73458788,28.3759
67.31801227,0.73315451,28.3759
67.31585812,0.73173399,28.3759
67.31371248,0.73033099,28.3759
67.31155313,0.72891327,28.3601
67.30939407,0.72748561,28.3601
67.30722608,0.72606007,28.3601
67.30504539,0.72462241,28.3601
67.30284795,0.72317441,28.3601
67.30065115,0.72172926,28.3583
67.29845526,0.72030002,28.3583
67.29626754,0.7188529,28.3583
67.29408435,0.71741062,28.3583
67.291903,0.71597524,28.3583
67.28972625,0.71451723,28.3533
67.287551,0.71307753,28.3533
67.2853726,0.71165827,28.3533
67.28319495,0.71022127,28.3533
67.28101858,0.70878941,28.3533
67.27885234,0.70736624,28.3571
67.27668844,0.7059466,28.3571
67.27453188,0.70451594,28.3571
67.27237597,0.7030904,28.3571
67.27022537,0.70167107,28.3571
67.26807941,0.70023979,28.364
67.26594529,0.6988129,28.364
67.26380089,0.69742193,28.364
67.26164673,0.69601801,28.364
67.25949622,0.69459792,28.364
67.25734995,0.6931767,28.3672
67.25520373,0.69175915,28.3672
67.25304315,0.69035269,28.3672
67.25087285,0.68893781,28.3672
67.24869425,0.68752107,28.3672
67.2465359,0.68611007,28.3698
67.24438743,0.6846836,28.3698
67.24223614,0.68328345,28.3698
67.24007844,0.68186855,28.3698
67.23791542,0.68044736,28.3698
67.2357555,0.67902952,28.3721
67.23359598,0.6776031,28.3721
67.23143245,0.67618202,28.3721
67.22927035,0.6747681,28.3721
67.22710852,0.67333982,28.3721
67.22493796,0.67190104,28.3765
67.22276346,0.67046416,28.3765
67.22059647,0.66903012,28.3765
67.21843835,0.6676127,28.3765
67.21629014,0.66619308,28.3765
67.21415225,0.66477726,28.3683
67.21201365,0.66337751,28.3683
67.20984859,0.66197615,28.3683
67.20768715,0.66056066,28.3683
67.20552617,0.65914062,28.3683
67.20335978,0.65770263,28.349
67.20118898,0.65625045,28.349
67.19902269,0.6548139,28.349
67.196872,0.65339419,28.349
67.19472465,0.65197303,28.349
67.19257655,0.65055209,28.3362
67.19041591,0.64912999,28.3362
67.18825025,0.64770371,28.3362
67.18608126,0.6462762,28.3362
67.18391769,0.64484675,28.3362
67.18174876,0.6434192,28.335
67.17957619,0.64199932,28.335
67.17741969,0.64058854,28.335
67.17528768,0.63918494,28.335
67.17314778,0.63777207,28.335
67.1710073,0.6363526,28.335
67.16887763,0.63492745,28.335
67.1667301,0.6335257,28.335
67.16456498,0.63212045,28.335
67.16239704,0.63070793,28.335
67.16022743,0.62928103,28.3242
67.15805395,0.62785529,28.3242
67.15587653,0.62643099,28.3242
67.15371418,0.62499659,28.3242
67.15154259,0.62357435,28.3242
67.14937533,0.62214698,28.3157
67.14721594,0.62072804,28.3157
67.14506341,0.61928821,28.3157
67.14290976,0.6178588,28.3157
67.14075713,0.61643732,28.3157
67.1385943,0.61501649,28.3189
67.13643898,0.61359564,28.3189
67.13427457,0.61218799,28.3189
67.13210765,0.6107649,28.3189
67.12994603,0.60935425,28.3189
67.1277738,0.60794484,28.3105
67.12559419,0.60651481,28.3105
67.12341458,0.60507955,28.3105
67.12124743,0.60365682,28.3105
67.11907848,0.60222524,28.3105
67.11690914,0.60077547,28.3099
67.11474637,0.59931969,28.3099
67.11256344,0.59788838,28.3099
67.11036918,0.59644199,28.3099
67.10818513,0.59499636,28.3099
67.10599893,0.59356542,28.2959
67.10381782,0.59212468,28.2959
67.10164539,0.59067736,28.2959
67.09946086,0.5892417,28.2959
67.0972734,0.58779492,28.2959
67.09509816,0.58635783,28.2906
67.09293519,0.58491933,28.2906
67.09077143,0.58350202,28.2906
67.08859236,0.58208619,28.2906
67.08642021,0.58067171,28.2906
67.08424815,0.57926253,28.3288
67.08207159,0.57784554,28.3288
67.07989034,0.57642094,28.3288
67.07770973,0.57498143,28.3288
67.07552533,0.57353556,28.3288
67.07336086,0.57207604,28.3143
67.07119921,0.57063497,28.3143
67.06904042,0.56921899,28.3143
67.06687475,0.56780494,28.3143
67.06470877,0.566371,28.3143
67.0625534,0.56494635,28.32
67.0603802,0.5635294,28.32
67.05820889,0.56208956,28.32
67.0560503,0.56064467,28.32
67.05387745,0.55923518,28.32
67.05171236,0.55780854,28.3189
67.04955604,0.55638923,28.3189
67.04741124,0.55496658,28.3189
67.04526502,0.5535699,28.3189
67.04311251,0.55217205,28.3189
67.04096953,0.55074737,28.3192
67.0388154,0.5493223,28.3192
67.03672515,0.54795233,28.3192
67.03493993,0.54679038,28.3192
67.03369862,0.54611127,28.3192
67.03294126,0.54575807,28.3145
67.03259866,0.54571269,28.3145
67.03252836,0.54578331,28.3145
67.03260324,0.5459102,28.3145
67.03264385,0.54598869,28.3145
67.03264878,0.54598557,28.3152
67.03264,0.54597883,28.3152
67.03263378,0.54597781,28.3152
67.03263592,0.54598335,28.3152
67.03263715,0.54598179,28.3152
67.03263681,0.54598038,28.3193
67.03263636,0.54598375,28.3193
67.03271356,0.54601278,28.3193
67.03296705,0.54610331,28.3193
67.03333137,0.54620419,28.3193
67.03377136,0.54631278,28.325
67.03424805,0.5464098,28.325
67.03472202,0.54646559,28.325
67.03517955,0.54646796,28.325
67.03555173,0.54639014,28.325
67.03585476,0.54626166,28.3321
67.0361445,0.54611145,28.3321
67.03645205,0.54596118,28.3321
67.03680329,0.54583918,28.3321
67.03717481,0.54573202,28.3321
67.03755211,0.54562823,28.3228
67.03792427,0.545524,28.3228
67.03830156,0.54541913,28.3228
67.03868495,0.54532066,28.3228
67.03905035,0.54521962,28.3228
67.03938384,0.54509673,28.3359
67.03966043,0.54507784,28.3359
67.03971704,0.54507437,28.3359
67.03972116,0.54506271,28.3359
67.03970701,0.54508681,28.3359
67.03969587,0.54510579,28.3461
67.03969341,0.54509783,28.3461
67.0396901,0.5450978,28.3461
67.03969423,0.54509337,28.3461
67.03969194,0.54509706,28.3461
67.03969277,0.5450978,28.3549
67.0396924,0.54509714,28.3549
67.03969125,0.54509698,28.3549
67.03969162,0.54509489,28.3549
67.0396901,0.54509324,28.3549
67.03968723,0.54509552,28.3479
67.03968809,0.54509802,28.3479
67.03969011,0.54509805,28.3479
67.03969209,0.54509365,28.3479
67.03969215,0.54509516,28.3479
67.03969572,0.54509812,28.354
67.03969177,0.54509685,28.354
67.03968722,0.5450959,28.354
67.0396913,0.54509561,28.354
67.03968907,0.54509513,28.354
67.03969038,0.54509873,28.3843
67.03969182,0.5450957,28.3843
67.03969129,0.54509385,28.3843
67.03968584,0.54509819,28.3843
67.03969074,0.54509748,28.3843
67.03969261,0.54509702,28.3827
67.03969274,0.54509549,28.3827
67.03969066,0.54509357,28.3827
67.03969513,0.54509469,28.3827
67.03968997,0.54509775,28.3827
67.0396882,0.54509805,28.4005
67.03969272,0.54509718,28.4005
67.03969149,0.54509588,28.4005
67.03969,0.54509761,28.4005
67.03968888,0.54509723,28.4005
67.03969351,0.54509471,28.3963
67.03969178,0.54509727,28.3963
67.03969001,0.54509774,28.3963
67.03969177,0.54509608,28.3963
67.03969073,0.54509655,28.3963
67.03969005,0.5450942,28.408
67.03968738,0.54509642,28.408
67.0396912,0.54509852,28.408
67.03969077,0.5450945,28.408
67.03969012,0.54509613,28.408
67.03968897,0.54509584,28.4108
67.03969208,0.5450968,28.4108
67.03969201,0.54509625,28.4108
67.03969149,0.54509494,28.4108
67.03968961,0.5450949,28.4108
67.03969329,0.54509647,28.4246
67.03969132,0.54509885,28.4246
67.03968879,0.54509875,28.4246
67.03968664,0.54509559,28.4246
67.039688,0.54509428,28.4246
67.03969174,0.54509565,28.4329
67.03969239,0.54509551,28.4329
67.0396926,0.54509759,28.4329
67.03969193,0.54509653,28.4329
67.03968994,0.54509705,28.4329
67.03969243,0.54509607,28.4241
67.03969131,0.54509673,28.4241
67.03969039,0.54509747,28.4241
67.03968921,0.54509535,28.4241
67.03969014,0.54509298,28.4241
67.0396884,0.54509711,28.4428
67.0396913,0.54509894,28.4428
67.03969277,0.54509649,28.4428
67.03969131,0.54509672,28.4428
67.03969038,0.54509542,28.4428
67.03969204,0.54509485,28.4418
67.03968938,0.54509441,28.4418
67.03968819,0.54509611,28.4418
67.03969158,0.54509618,28.4418
67.03969059,0.54509756,28.4418
67.03968741,0.54509658,28.451
67.0396895,0.54509651,28.451
67.03969232,0.54509735,28.451
67.0396924,0.54509645,28.451
67.0396914,0.54509344,28.451
67.03968963,0.54509676,28.4465
67.03969096,0.54509505,28.4465
67.03969157,0.54509557,28.4465
67.03969117,0.54509505,28.4465
67.03968934,0.54509461,28.4465
67.03968932,0.54509674,28.4537
67.03969062,0.54509803,28.4537
67.03969188,0.54509745,28.4537
67.0396889,0.54509606,28.4537
67.03969355,0.54509611,28.4537
67.03969159,0.54509551,28.4737
67.03968893,0.54509585,28.4737
67.0396904,0.54509644,28.4737
67.03969044,0.54509381,28.4737
67.03968984,0.5450951,28.4737
67.03969123,0.54509769,28.4768
67.03969047,0.54509844,28.4768
67.03969189,0.54509791,28.4768
67.03969016,0.54509862,28.4768
67.0396885,0.5450944,28.4768
67.03968918,0.54509618,28.4796
67.03969033,0.54509709,28.4796
67.03969192,0.54509282,28.4796
67.03969133,0.54509474,28.4796
67.03969158,0.54509551,28.4796
67.03969049,0.54509783,28.4738
67.03969228,0.54509695,28.4738
67.03969026,0.54509654,28.4738
67.03969246,0.54509779,28.4738
67.0396898,0.54509393,28.4738
67.03969307,0.5450967,28.476
67.0396918,0.54509791,28.476
67.03969237,0.54509409,28.476
67.03968729,0.54509741,28.476
67.03968851,0.54509807,28.476
67.03969158,0.54509681,28.4925
67.03969262,0.54509484,28.4925
67.03969156,0.54509431,28.4925
67.03968513,0.5450695,28.4925
67.0396689,0.54499286,28.4925
67.03966041,0.5449555,28.4931
67.03965735,0.54496188,28.4931
67.03967767,0.54499092,28.4931
67.0398512,0.5451108,28.4931
67.04005146,0.54515282,28.4931
67.04019405,0.54512081,28.4895
67.04032093,0.54507477,28.4895
67.04045194,0.54501249,28.4895
67.04057928,0.54494466,28.4895
67.04070939,0.54486951,28.4895
67.04091483,0.54481794,28.4979
67.04114295,0.54476705,28.4979
67.04129413,0.54469152,28.4979
67.04141208,0.54460025,28.4979
67.04152424,0.54450421,28.4979
67.04171341,0.54443473,28.5027
67.0419704,0.54438791,28.5027
67.04226721,0.54437596,28.5027
67.04265131,0.54442617,28.5027
67.04303747,0.54445915,28.5027
67.04339411,0.544459,28.5156
67.04364201,0.544503,28.5156
67.04376761,0.54458948,28.5156
67.04385316,0.54466827,28.5156
67.04394078,0.54472308,28.5156
67.04407797,0.54476962,28.4814
67.04434626,0.54479781,28.4814
67.04467458,0.54481324,28.4814
67.04504868,0.54482868,28.4814
67.04546919,0.54486233,28.4814
67.0459244,0.5450206,28.4798
67.04639489,0.54537822,28.4798
67.04687426,0.54581568,28.4798
67.04736334,0.5462619,28.4798
67.04786499,0.54662472,28.4798
67.04837566,0.54690854,28.4566
67.04889996,0.54713389,28.4566
67.04944039,0.54731861,28.4566
67.04998644,0.54747893,28.4566
67.05052404,0.54762127,28.4566
67.05105889,0.54774598,28.5155
67.05160118,0.54785171,28.5155
67.05213705,0.54794283,28.5155
67.05266881,0.54803249,28.5155
67.05325731,0.54817688,28.5155
67.05392866,0.54840094,28.5247
67.05463965,0.54872672,28.5247
67.05537221,0.54910505,28.5247
67.05608917,0.54944613,28.5247
67.0567884,0.549737,28.5247
67.05745829,0.549955,28.4998
67.05806905,0.55013403,28.4998
67.05862434,0.55030118,28.4998
67.05916645,0.55045611,28.4998
67.05971974,0.55056764,28.4998
67.06027506,0.55060983,28.4931
67.0608448,0.55063293,28.4931
67.06140668,0.55069804,28.4931
67.06182598,0.5506715,28.4931
67.06160551,0.55019045,28.4931
67.06055854,0.54930723,28.5145
67.05879129,0.54807039,28.5145
67.05652243,0.54658084,28.5145
67.0540203,0.54494783,28.5145
67.05141562,0.54334434,28.5145
67.04877117,0.54174307,28.4423
67.0461147,0.54014612,28.4423
67.04345887,0.53855352,28.4423
67.04081655,0.53695737,28.4423
67.03817265,0.53535689,28.4423
67.03552297,0.53375483,28.5127
67.03288233,0.5321549,28.5127
67.03023904,0.53054768,28.5127
67.02758509,0.52894896,28.5127
67.02493244,0.5273564,28.5127
67.02228826,0.52576473,28.5033
67.0196636,0.52416305,28.5033
67.01703854,0.52259386,28.5033
67.01441104,0.52100992,28.5033
67.01179677,0.51940163,28.5033
67.00919055,0.51780114,28.512
67.00656814,0.51621808,28.512
67.00394345,0.51465328,28.512
67.00132949,0.51307752,28.512
66.99871561,0.51148453,28.512
66.9960976,0.50988521,28.4962
66.99348089,0.50828643,28.4962
66.99086867,0.5066805,28.4962
66.98824717,0.5050801,28.4962
66.98562047,0.50350691,28.4962
66.98299606,0.50192161,28.4976
66.98037391,0.50032899,28.4976
66.97775636,0.49873294,28.4976
66.97514569,0.49713224,28.4976
66.97252401,0.49554663,28.4976
66.96991542,0.49395586,28.4883
66.96730718,0.49237664,28.4883
66.96469514,0.49079112,28.4883
66.96209261,0.48919883,28.4883
66.95950454,0.48760991,28.4883
66.95693557,0.4860444,28.4719
66.95436494,0.48450638,28.4719
66.95178745,0.48296171,28.4719
66.94920581,0.48140722,28.4719
66.94662063,0.47983871,28.4719
66.94403925,0.47826977,28.5365
66.94144451,0.4767224,28.5365
66.93885353,0.47517904,28.5365
66.93626587,0.47362739,28.5365
66.93367411,0.4720652,28.5365
66.93108222,0.4704957,28.5559
66.92848467,0.46893339,28.5559
66.92588017,0.46735938,28.5559
66.92327551,0.46577651,28.5559
66.92066827,0.46419821,28.5559
66.91805877,0.46262749,28.5719
66.91544729,0.46106162,28.5719
66.91283699,0.45949511,28.5719
66.91022796,0.45792289,28.5719
66.90761619,0.45633413,28.5719
66.90500015,0.45474211,28.5862
66.90238457,0.45315259,28.5862
66.89976748,0.45157296,28.5862
66.89715007,0.44998937,28.5862
66.89453679,0.44840299,28.5862
66.89193421,0.44681321,28.5839
66.88933246,0.44523847,28.5839
66.88672599,0.44367252,28.5839
66.88410852,0.44209947,28.5839
66.88149052,0.44052821,28.5839
66.87887742,0.43894714,28.6269
66.87626012,0.43736523,28.6269
66.87365837,0.43576788,28.6269
66.87105303,0.43418631,28.6269
66.86844593,0.43261169,28.6269
66.86583302,0.43104476,28.6316
66.86321697,0.42945895,28.6316
66.8606091,0.42787719,28.6316
66.85799914,0.42631072,28.6316
66.85539026,0.42473645,28.6316
66.85279136,0.42315171,28.6472
66.85018091,0.42156574,28.6472
66.84756746,0.41997721,28.6472
66.84495289,0.41839253,28.6472
66.842332,0.41681832,28.6472
66.83972311,0.4152301,28.6528
66.83712311,0.41363024,28.6528
66.83451821,0.41204876,28.6528
66.83191332,0.41048296,28.6528
66.82930519,0.4089149,28.6528
66.82669343,0.40733411,28.6675
66.82408273,0.40576014,28.6675
66.8214781,0.40418425,28.6675
66.8188745,0.40260615,28.6675
66.81628151,0.40101526,28.6675
66.81369065,0.39941875,28.6539
66.81110741,0.39783986,28.6539
66.80852323,0.39628037,28.6539
66.80593467,0.39471799,28.6539
66.80334351,0.39315876,28.6539
66.80074982,0.39159134,28.6635
66.7981532,0.39001824,28.6635
66.79554436,0.38846013,28.6635
66.79295091,0.38688448,28.6635
66.79036335,0.38529665,28.6635
66.78776243,0.38372888,28.6912
66.78515083,0.38215047,28.6912
66.78253607,0.38056428,28.6912
66.77991994,0.37897974,28.6912
66.77730806,0.37740051,28.6912
66.77469746,0.37582279,28.7097
66.77208292,0.37424431,28.7097
66.76945632,0.37266985,28.7097
66.76683149,0.37108178,28.7097
66.76421593,0.36948619,28.7097
66.76160714,0.36789687,28.6957
66.75900775,0.36629759,28.6957
66.75648648,0.36457095,28.6957
66.7539898,0.36279057,28.6957
66.7514878,0.36103424,28.6957
66.74899521,0.35926483,28.7049
66.74650182,0.35749424,28.7049
66.7439972,0.35572743,28.7049
66.74149308,0.35395274,28.7049
66.73899817,0.35217999,28.7049
66.73649289,0.35041813,28.7317
66.73398933,0.34864751,28.7317
66.73148419,0.3468805,28.7317
66.72898371,0.34510886,28.7317
66.72646886,0.3433518,28.7317
66.72387763,0.34173368,28.7152
66.72128286,0.34012194,28.7152
66.71870168,0.33846886,28.7152
66.71612803,0.336798,28.7152
66.71355017,0.33512824,28.7152
66.71097532,0.33344993,28.7512
66.70840989,0.33176762,28.7512
66.70584041,0.33009285,28.7512
66.70326996,0.3284138,28.7512
66.70069878,0.32672639,28.7512
66.69812888,0.3250288,28.7602
66.69554485,0.32332377,28.7602
66.69296195,0.32160444,28.7602
66.69037082,0.31989237,28.7602
66.6877712,0.31817728,28.7602
66.68516798,0.31646465,28.7771
66.68256839,0.31474049,28.7771
66.67996827,0.31301876,28.7771
66.67736821,0.31130873,28.7771
66.67477971,0.30960416,28.7771
66.67219062,0.30791337,28.7734
66.66961329,0.30620661,28.7734
66.66703798,0.30451612,28.7734
66.66446986,0.3028316,28.7734
66.66188903,0.30115627,28.7734
66.65930289,0.29947309,28.7816
66.65672644,0.29775932,28.7816
66.65414059,0.29605601,28.7816
66.65156466,0.29437347,28.7816
66.6490053,0.29269738,28.7816
66.64644893,0.29101906,28.7798
66.64390373,0.28930997,28.7798
66.64135719,0.28760319,28.7798
66.63880622,0.28589877,28.7798
66.63624989,0.28422186,28.7798
66.63368868,0.28254766,28.7749
66.6311339,0.28088341,28.7749
66.62859546,0.27921462,28.7749
66.62605563,0.27754076,28.7749
66.62350077,0.27588623,28.7749
66.62095715,0.27422393,28.8053
66.61841441,0.27256024,28.8053
66.61586285,0.27088674,28.8053
66.61332611,0.2692026,28.8053
66.61079252,0.26752319,28.8053
66.60826171,0.26584454,28.792
66.60571931,0.26415188,28.792
66.60316525,0.26246032,28.792
66.60061017,0.26076509,28.792
66.59805118,0.25907807,28.792
66.59549673,0.25739194,28.7989
66.59294166,0.25570734,28.7989
66.5903752,0.25402496,28.7989
66.58781651,0.25234379,28.7989
66.58526727,0.25065456,28.7989
66.58272507,0.24896541,28.8128
66.58018068,0.24727822,28.8128
66.5776342,0.24559684,28.8128
66.57508374,0.24392717,28.8128
66.5725204,0.24226837,28.8128
66.56995857,0.24061341,28.8332
66.56740365,0.23895143,28.8332
66.56486446,0.23727227,28.8332
66.56233423,0.23558989,28.8332
66.5598056,0.2339068,28.8332
66.55726322,0.23223175,28.8097
66.55470868,0.23056682,28.8097
66.55215199,0.22890069,28.8097
66.54959531,0.22721935,28.8097
66.54704473,0.22551994,28.8097
66.54449103,0.22381177,28.814
66.54193589,0.22210918,28.814
66.53937997,0.22041532,28.814
66.53680922,0.21873079,28.814
66.53423692,0.21704496,28.814
66.53167216,0.21535091,28.8241
66.52910894,0.21364515,28.8241
66.52654155,0.21194238,28.8241
66.52397125,0.21025177,28.8241
66.52138943,0.2085581,28.8241
66.51879793,0.20686631,28.7929
66.51619585,0.20519033,28.7929
66.51359304,0.20352005,28.7929
66.5110036,0.20182018,28.7929
66.50842376,0.20010736,28.7929
66.50583436,0.19841089,28.7708
66.50323581,0.19670725,28.7708
66.50065093,0.19498954,28.7708
66.49808349,0.19327183,28.7708
66.49550936,0.19155442,28.7708
66.49292223,0.18984558,28.7426
66.49034743,0.18810957,28.7426
66.48775952,0.1864031,28.7426
66.48516911,0.18471494,28.7426
66.48258604,0.18303133,28.7426
66.48000821,0.18134276,28.7569
66.47743174,0.17965933,28.7569
66.47485677,0.17796957,28.7569
66.47228951,0.17628526,28.7569
66.46971258,0.17459709,28.7569
66.46714394,0.1728934,28.7498
66.46457717,0.17121764,28.7498
66.46199928,0.16954386,28.7498
66.45944091,0.16785163,28.7498
66.45688115,0.16616776,28.7498
66.45431837,0.16448063,28.7562
66.45176553,0.16280415,28.7562
66.44921213,0.16113577,28.7562
66.44665092,0.15943942,28.7562
66.44409113,0.1577282,28.7562
66.44153983,0.15602601,28.75
66.43898386,0.1543212,28.75
66.43642865,0.1526298,28.75
66.43387135,0.15095941,28.75
66.43130056,0.14930288,28.75
66.4287463,0.14762423,28.7479
66.4262021,0.14594073,28.7479
66.42365267,0.14425095,28.7479
66.42110308,0.14256185,28.7479
66.41856426,0.14087816,28.7479
66.41601807,0.13920486,28.7492
66.41347297,0.13753507,28.7492
66.41092955,0.13586921,28.7492
66.40839318,0.13421573,28.7492
66.40584918,0.13256427,28.7492
66.40329495,0.13090102,28.7396
66.40074453,0.12922489,28.7396
66.39818804,0.12754755,28.7396
66.39563877,0.12585453,28.7396
66.39310123,0.12416007,28.7396
66.39055277,0.12249347,28.7278
66.3880052,0.12080293,28.7278
66.38545966,0.11911478,28.7278
66.38291836,0.11742533,28.7278
66.38036657,0.11573882,28.7278
66.37781113,0.11405258,28.7224
66.3752681,0.11234217,28.7224
66.3727139,0.11064056,28.7224
66.37017675,0.10894455,28.7224
66.36763909,0.10727513,28.7224
66.36509002,0.10562577,28.7004
66.36253534,0.10397622,28.7004
66.36000381,0.10231015,28.7004
66.35747725,0.1006417,28.7004
66.35494039,0.09897716,28.7004
66.35239445,0.09732002,28.693
66.34984535,0.09565658,28.693
66.34730048,0.09398352,28.693
66.34475615,0.0923134,28.693
66.34220974,0.09064509,28.693
66.33966291,0.08897566,28.696
66.33710659,0.08730832,28.696
66.334556,0.08562489,28.696
66.33201633,0.08394678,28.696
66.32947407,0.08228553,28.696
66.32692936,0.0806161,28.6643
66.3243936,0.07894893,28.6643
66.32185578,0.07727357,28.6643
66.31932189,0.07558284,28.6643
66.31678371,0.07390375,28.6643
66.31424646,0.07224023,28.6881
66.31170956,0.0705815,28.6881
66.30918045,0.06891472,28.6881
66.30664525,0.06724276,28.6881
66.30411565,0.06554764,28.6881
66.3015744,0.06384868,28.6731
66.29902982,0.06215749,28.6731
66.29648254,0.06046403,28.6731
66.29393413,0.05877184,28.6731
66.29139332,0.05707115,28.6731
66.28884368,0.05538272,28.6984
66.28627246,0.05372458,28.6984
66.28369051,0.05206923,28.6984
66.28110981,0.05039812,28.6984
66.27853042,0.0487146,28.6984
66.27594651,0.04703432,28.6868
66.27337498,0.04533858,28.6868
66.27081769,0.04362904,28.6868
66.26825332,0.04193159,28.6868
66.26568708,0.04023392,28.6868
66.26311889,0.03853882,28.6773
66.26056293,0.03683716,28.6773
66.25801257,0.0351317,28.6773
66.2554527,0.03343156,28.6773
66.25288496,0.03173772,28.6773
66.25030837,0.03005357,28.7004
66.24772966,0.02838815,28.7004
66.24514465,0.02670296,28.7004
66.24256042,0.02500194,28.7004
66.23997371,0.02330461,28.7004
66.23738472,0.02161518,28.6796
66.23480417,0.01993627,28.6796
66.23223745,0.01826032,28.6796
66.22968169,0.01656662,28.6796
66.22712626,0.01487359,28.6796
66.22456698,0.01318273,28.6906
66.2220078,0.01148091,28.6906
66.21943422,0.00979965,28.6906
66.21686524,0.00810724,28.6906
66.21429372,0.006422,28.6906
66.2117357,0.00473997,28.6873
66.20917949,0.00305761,28.6873
66.20663506,0.0013705,28.6873
66.20409585,-0.00031213,28.6873
66.20155204,-0.00198289,28.6873
66.1990208,-0.00366844,28.6789
66.19649725,-0.00534855,28.6789
66.19397139,-0.00701059,28.6789
66.1914415,-0.00866351,28.6789
66.18890264,-0.01032243,28.6789
66.18637375,-0.0119968,28.7062
66.18383622,-0.01364986,28.7062
66.18129287,-0.01529077,28.7062
66.17875559,-0.01694693,28.7062
66.17622058,-0.01863197,28.7062
66.17369023,-0.02033442,28.7222
66.17115413,-0.02201596,28.7222
66.16861346,-0.02367198,28.7222
66.16607666,-0.02532617,28.7222
66.16355281,-0.02700349,28.7222
66.16103216,-0.02867477,28.6678
66.15850741,-0.03033837,28.6678
66.15596972,-0.03199399,28.6678
66.15342943,-0.03365665,28.6678
66.15088218,-0.03532063,28.6678
66.14832954,-0.03698924,28.6729
66.14578429,-0.03866426,28.6729
66.14324103,-0.04035435,28.6729
66.1406886,-0.04204713,28.6729
66.13812279,-0.04373141,28.6729
66.13555681,-0.04541244,28.6953
66.13299361,-0.04710195,28.6953
66.13041988,-0.0488055,28.6953
66.12783498,-0.05049941,28.6953
66.12524546,-0.05219308,28.6953
66.12265406,-0.05389315,28.7061
66.1200557,-0.05558646,28.7061
66.11746994,-0.0572899,28.7061
66.11488615,-0.05901219,28.7061
66.11229641,-0.06074508,28.7061
66.10970275,-0.06247776,28.706
66.10710732,-0.06418393,28.706
66.10452078,-0.0658992,28.706
66.10192715,-0.06760288,28.706
66.0993817,-0.06926378,28.706
66.09702418,-0.0708216,28.7283
66.09473628,-0.07230978,28.7283
66.09236081,-0.0738513,28.7283
66.08985696,-0.07546987,28.7283
66.0873053,-0.07715184,28.7283
66.08472918,-0.07884932,28.7497
66.08213022,-0.08054466,28.7497
66.07953734,-0.08227026,28.7497
66.0769352,-0.08397601,28.7497
66.07432856,-0.08569649,28.7497
66.07170647,-0.08741152,28.7494
66.06909097,-0.08913351,28.7494
66.06647968,-0.09086913,28.7494
66.06388219,-0.09261437,28.7494
66.06128331,-0.09435407,28.7494
66.05867246,-0.09607884,28.7408
66.05605658,-0.09781764,28.7408
66.05343756,-0.09955753,28.7408
66.05082252,-0.10128937,28.7408
66.04819972,-0.10301738,28.7408
66.04557297,-0.10473207,28.737
66.04294251,-0.10645605,28.737
66.04029647,-0.108195,28.737
66.0376435,-0.10993936,28.737
66.03498546,-0.11168056,28.737
66.03232765,-0.11342805,28.7274
66.02967223,-0.11518604,28.7274
66.02702497,-0.11694781,28.7274
66.02439043,-0.11870848,28.7274
66.0217677,-0.12046264,28.7274
66.01913605,-0.12220926,28.7208
66.01651343,-0.1239497,28.7208
66.01389121,-0.12566925,28.7208
66.01127997,-0.12740852,28.7208
66.00865471,-0.12913802,28.7208
66.00602284,-0.13085924,28.718
66.00338637,-0.13256064,28.718
66.00075772,-0.13427352,28.718
65.99812831,-0.13599437,28.718
65.99549444,-0.13772273,28.718
65.99286725,-0.13944895,28.6924
65.99024591,-0.14115606,28.6924
65.98762506,-0.14285929,28.6924
65.98500869,-0.14457916,28.6924
65.98239977,-0.1462726,28.6924
65.97987746,-0.14792561,28.7071
65.97742709,-0.14955205,28.7071
65.97497951,-0.15118673,28.7071
65.97248866,-0.15284205,28.7071
65.96997917,-0.15449706,28.7071
65.96746289,-0.15616046,28.7038
65.96493288,-0.1578274,28.7038
65.96239634,-0.15948174,28.7038
65.95987293,-0.16115167,28.7038
65.95734714,-0.16281307,28.7038
65.95481367,-0.16445668,28.709
65.95228048,-0.16609196,28.709
65.94973647,-0.16771269,28.709
65.94720163,-0.16937281,28.709
65.94467023,-0.17107506,28.709
65.94212729,-0.17277209,28.7188
65.93958612,-0.17446045,28.7188
65.93704352,-0.17614039,28.7188
65.93449896,-0.17780606,28.7188
65.93195935,-0.17947548,28.7188
65.92942737,-0.18114707,28.7213
65.92688914,-0.18283078,28.7213
65.92432883,-0.18450397,28.7213
65.92176494,-0.18616506,28.7213
65.91920696,-0.18784963,28.7213
65.91665281,-0.18954316,28.7101
65.91411391,-0.19125271,28.7101
65.91156518,-0.19295579,28.7101
65.90901378,-0.19465632,28.7101
65.90645696,-0.1963377,28.7101
65.90390092,-0.19801734,28.6741
65.90131976,-0.19969155,28.6741
65.8987216,-0.20139424,28.6741
65.89613411,-0.20313108,28.6741
65.89355098,-0.20485276,28.6741
65.89097073,-0.20656853,28.6666
65.88837817,-0.20826814,28.6666
65.8857801,-0.20995961,28.6666
65.88317687,-0.21165394,28.6666
65.88058708,-0.21336071,28.6666
65.87800339,-0.21507212,28.6746
65.87541652,-0.21679445,28.6746
65.87282691,-0.21852935,28.6746
65.87022603,-0.22025162,28.6746
65.8676189,-0.22194116,28.6746
65.8650245,-0.22364447,28.705
65.8624351,-0.22534202,28.705
65.85983992,-0.2270233,28.705
65.85723703,-0.22870318,28.705
65.85463481,-0.23039961,28.705
65.85202974,-0.2320974,28.7039
65.84943185,-0.23380592,28.7039
65.84684164,-0.23553246,28.7039
65.8442541,-0.23725932,28.7039
65.84167406,-0.23897547,28.7039
65.83909613,-0.24067095,28.7039
65.83652186,-0.24236446,28.7039
65.83394262,-0.24406346,28.7039
65.8313511,-0.24576116,28.7039
65.82875026,-0.24746861,28.7039
65.82614758,-0.24918411,28.7149
65.82352574,-0.25087894,28.7149
65.8209163,-0.25260333,28.7149
65.8183099,-0.25432372,28.7149
65.81570065,-0.25602552,28.7149
65.81309882,-0.25772425,28.6853
65.8105076,-0.25943324,28.6853
65.80791747,-0.26114951,28.6853
65.80533781,-0.2628849,28.6853
65.8027578,-0.26460076,28.6853
65.80017367,-0.26632355,28.6537
65.79758719,-0.26804498,28.6537
65.79500174,-0.26975573,28.6537
65.79241769,-0.27144436,28.6537
65.78981943,-0.27311752,28.6537
65.78722328,-0.27481954,28.6344
65.78463782,-0.27653506,28.6344
65.7820614,-0.27824042,28.6344
65.77948284,-0.27994264,28.6344
65.77689972,-0.28164652,28.6344
65.77432502,-0.28333902,28.634
65.7717579,-0.28503383,28.634
65.76919761,-0.28673947,28.634
65.76663057,-0.2884204,28.634
65.76406819,-0.29010003,28.634
65.76151561,-0.29179236,28.6264
65.75895697,-0.29348001,28.6264
65.75640443,-0.29517049,28.6264
65.75385618,-0.29685343,28.6264
65.75130431,-0.29852684,28.6264
65.7487644,-0.30021605,28.6369
65.74623229,-0.30191518,28.6369
65.74369252,-0.30357877,28.6369
65.7411581,-0.30525938,28.6369
65.73859886,-0.30691794,28.6369
65.73603295,-0.30856492,28.652
65.73346941,-0.31022429,28.652
65.73090711,-0.31190617,28.652
65.72833964,-0.31358654,28.652
65.72578526,-0.31526113,28.652
65.72324051,-0.31693331,28.6422
65.72069783,-0.31861199,28.6422
65.7181538,-0.32030166,28.6422
65.71560869,-0.32199465,28.6422
65.71305811,-0.32367911,28.6422
65.71050911,-0.32535179,28.6436
65.70796717,-0.32700983,28.6436
65.7054554,-0.32870248,28.6436
65.70295842,-0.33038528,28.6436
65.70042436,-0.33202201,28.6436
65.69789842,-0.33366489,28.6581
65.69538085,-0.33531039,28.6581
65.69286556,-0.33695967,28.6581
65.69034817,-0.33858124,28.6581
65.68782745,-0.34021992,28.6581
65.68532758,-0.34187987,28.6859
65.682824,-0.34351238,28.6859
65.68032184,-0.34515481,28.6859
65.67783256,-0.34681583,28.6859
65.6753362,-0.3484509,28.6859
65.67284214,-0.3500892,28.6714
65.67034911,-0.35172311,28.6714
65.66785533,-0.35335339,28.6714
65.66535937,-0.35497772,28.6714
65.66286473,-0.3566018,28.6714
65.66037474,-0.3582273,28.7069
65.65789725,-0.35984454,28.7069
65.6554125,-0.36147653,28.7069
65.65293284,-0.36313221,28.7069
65.65044597,-0.36476695,28.7069
65.6479625,-0.36639984,28.7628
65.64548318,-0.36805053,28.7628
65.64298872,-0.36967957,28.7628
65.64049649,-0.37132189,28.7628
65.63801074,-0.37297328,28.7628
65.63553146,-0.37463245,28.7499
65.63306309,-0.37629772,28.7499
65.63057914,-0.37796218,28.7499
65.62809083,-0.37961223,28.7499
65.62560232,-0.38124273,28.7499
65.62312712,-0.38288982,28.7056
65.6206341,-0.38451792,28.7056
65.61813337,-0.38615342,28.7056
65.61563468,-0.38777334,28.7056
65.61314063,-0.38941876,28.7056
65.61065656,-0.39108639,28.6775
65.60816322,-0.39274118,28.6775
65.60565424,-0.39439128,28.6775
65.6031389,-0.39602891,28.6775
65.60062105,-0.39767303,28.6775
65.59810782,-0.3993286,28.6236
65.59560673,-0.40099516,28.6236
65.59311482,-0.40266929,28.6236
65.59062741,-0.40434123,28.6236
65.58811246,-0.40596209,28.6236
65.58560217,-0.40760291,28.6319
65.58310932,-0.4092627,28.6319
65.58061012,-0.41090789,28.6319
65.57809414,-0.41253111,28.6319
65.57558225,-0.41414742,28.6319
65.57307819,-0.41577227,28.6975
65.57058414,-0.41741402,28.6975
65.5680812,-0.4190521,28.6975
65.56558138,-0.42069963,28.6975
65.5630942,-0.42237445,28.6975
65.56059816,-0.42404544,28.6276
65.55809904,-0.42571494,28.6276
65.55559123,-0.42737103,28.6276
65.55307275,-0.42901534,28.6276
65.55055305,-0.43067131,28.6276
65.54804455,-0.4323241,28.6761
65.54553462,-0.43396126,28.6761
65.54301481,-0.43558306,28.6761
65.54050656,-0.43723774,28.6761
65.53800509,-0.43891878,28.6761
65.53551517,-0.44059362,28.5874
65.53303054,-0.44224938,28.5874
65.53055706,-0.44390514,28.5874
65.52809411,-0.44555795,28.5874
65.52562134,-0.4471988,28.5874
65.52314297,-0.44884556,28.5757
65.52066114,-0.45048317,28.5757
65.51818152,-0.45212385,28.5757
65.51570144,-0.45376374,28.5757
65.51320519,-0.45538813,28.5757
65.51071226,-0.45700554,28.6553
65.50823125,-0.45862222,28.6553
65.50575309,-0.46025766,28.6553
65.50327737,-0.46190133,28.6553
65.50078114,-0.46350084,28.6553
65.49829816,-0.46511096,28.6514
65.4958403,-0.46675232,28.6514
65.49337157,-0.46838783,28.6514
65.4908859,-0.47000443,28.6514
65.48838591,-0.47162428,28.6514
65.48590471,-0.47327151,28.6494
65.48342551,-0.47490839,28.6494
65.48092044,-0.47655208,28.6494
65.47841607,-0.47822361,28.6494
65.47590441,-0.47989748,28.6494
65.47338729,-0.48156586,28.6079
65.4708794,-0.48322942,28.6079
65.46837329,-0.48488826,28.6079
65.46587711,-0.48655461,28.6079
65.46338564,-0.48821212,28.6079
65.46088261,-0.48984027,28.5509
65.45838937,-0.49148581,28.5509
65.45588601,-0.4931308,28.5509
65.45337439,-0.49477079,28.5509
65.45085324,-0.49640116,28.5509
65.44832588,-0.49803956,28.6305
65.44578828,-0.49967074,28.6305
65.44325416,-0.50133039,28.6305
65.44074398,-0.50302608,28.6305
65.43823706,-0.50470645,28.6305
65.43572536,-0.50637608,28.6016
65.43321307,-0.50802942,28.6016
65.43069289,-0.50967433,28.6016
65.42817919,-0.51132731,28.6016
65.42566743,-0.51297177,28.6016
65.42314558,-0.51459345,28.6122
65.4206222,-0.51621944,28.6122
65.41810633,-0.51785864,28.6122
65.4155911,-0.51952192,28.6122
65.41307751,-0.52117778,28.6122
65.41056547,-0.52280131,28.6226
65.40805987,-0.52443114,28.6226
65.40557141,-0.52610099,28.6226
65.40305903,-0.52776078,28.6226
65.40052312,-0.52939911,28.6226
65.39798305,-0.53104712,28.6489
65.39544916,-0.53271326,28.6489
65.39291463,-0.53439015,28.6489
65.39038174,-0.53604569,28.6489
65.38785465,-0.53769648,28.6489
65.38534835,-0.53938999,28.6616
65.38284489,-0.54108206,28.6616
65.38033041,-0.54275527,28.6616
65.37781959,-0.54442069,28.6616
65.37531422,-0.54607594,28.6616
65.37281312,-0.54772713,28.5932
65.37031333,-0.54937215,28.5932
65.36782071,-0.55101535,28.5932
65.36532527,-0.55264374,28.5932
65.36281475,-0.55428775,28.5932
65.36030209,-0.55594922,28.6002
65.35777801,-0.55758572,28.6002
65.35524814,-0.55921319,28.6002
65.35272658,-0.56086358,28.6002
65.35021353,-0.5625327,28.6002
65.34769738,-0.56420258,28.5923
65.3451775,-0.56586054,28.5923
65.3426592,-0.56750958,28.5923
65.34014992,-0.56918986,28.5923
65.33762711,-0.57085388,28.5923
65.33509961,-0.57250761,28.5861
65.33256193,-0.57416419,28.5861
65.33002082,-0.57583002,28.5861
65.32749446,-0.57752657,28.5861
65.32496511,-0.57920984,28.5861
65.32242405,-0.58086945,28.5733
65.31987825,-0.58252806,28.5733
65.3173417,-0.58421216,28.5733
65.31480937,-0.58590496,28.5733
65.31225532,-0.58758113,28.5733
65.30969018,-0.58924812,28.5614
65.30713373,-0.59092536,28.5614
65.30458512,-0.59261435,28.5614
65.30202956,-0.59429164,28.5614
65.29948438,-0.59596553,28.5614
65.29695157,-0.59764233,28.5564
65.29442463,-0.59932167,28.5564
65.29191318,-0.60100808,28.5564
65.28939747,-0.60265314,28.5564
65.28687724,-0.60429204,28.5564
65.28435227,-0.60593343,28.5378
65.28183167,-0.60759362,28.5378
65.27930086,-0.60925991,28.5378
65.27677707,-0.61092956,28.5378
65.27424903,-0.61258415,28.5378
65.27171293,-0.61421965,28.5407
65.26917721,-0.61587198,28.5407
65.26664036,-0.61755088,28.5407
65.2641027,-0.61924953,28.5407
65.26156465,-0.62094368,28.5407
65.25902195,-0.62261946,28.5517
65.25647903,-0.62429831,28.5517
65.25393602,-0.62597502,28.5517
65.25138913,-0.6276336,28.5517
65.24884405,-0.62929322,28.5517
65.24629534,-0.63095217,28.5456
65.24375049,-0.63264324,28.5456
65.24121035,-0.63434987,28.5456
65.23866322,-0.63602626,28.5456
65.23612776,-0.63770958,28.5456
65.23359352,-0.6393853,28.5319
65.23105669,-0.64106134,28.5319
65.22852032,-0.64272867,28.5319
65.22597208,-0.64437217,28.5319
65.22343102,-0.64602308,28.5319
65.22090214,-0.6476941,28.5195
65.21835971,-0.6493552,28.5195
65.21581666,-0.65102846,28.5195
65.21327523,-0.65269973,28.5195
65.21073236,-0.65437485,28.5195
65.20819073,-0.65605007,28.4981
65.20564016,-0.65772437,28.4981
65.20309909,-0.65940377,28.4981
65.20054912,-0.66107328,28.4981
65.19799791,-0.66275131,28.4981
65.19545946,-0.66443764,28.5023
65.19291316,-0.66611049,28.5023
65.19035858,-0.66778624,28.5023
65.18782815,-0.66948836,28.5023
65.18529809,-0.67120135,28.5023
65.18275186,-0.67290059,28.5142
65.18019425,-0.67458672,28.5142
65.17764124,-0.67628864,28.5142
65.17509752,-0.67797453,28.5142
65.17255296,-0.67965388,28.5142
65.17000689,-0.68134133,28.5247
65.16746279,-0.68301616,28.5247
65.16491537,-0.68466504,28.5247
65.16236901,-0.68633123,28.5247
65.15981929,-0.68800905,28.5247
65.15727067,-0.68969061,28.5216
65.15471371,-0.69135511,28.5216
65.15215647,-0.69300421,28.5216
65.14960658,-0.69466346,28.5216
65.14706512,-0.69631811,28.5216
65.14454094,-0.6979744,28.5188
65.14200213,-0.69962715,28.5188
65.13946273,-0.70130574,28.5188
65.1369195,-0.702992,28.5188
65.13437911,-0.70466429,28.5188
65.13182246,-0.70631978,28.5271
65.12926687,-0.7079928,28.5271
65.1267274,-0.7096559,28.5271
65.12420112,-0.71131912,28.5271
65.12167637,-0.71298906,28.5271
65.11913902,-0.71464229,28.5172
65.11659878,-0.71629945,28.5172
65.11406139,-0.71797114,28.5172
65.11151501,-0.71963388,28.5172
65.1089832,-0.72132741,28.5172
65.10644367,-0.72301224,28.5148
65.10390236,-0.72468817,28.5148
65.10137459,-0.72638253,28.5148
65.09883689,-0.72804961,28.5148
65.09628856,-0.72970648,28.5148
65.09374528,-0.73138156,28.5072
65.09120378,-0.73306726,28.5072
65.08868524,-0.73475762,28.5072
65.08615278,-0.73642066,28.5072
65.08360525,-0.73808492,28.5072
65.08105046,-0.73976093,28.4995
65.07850467,-0.74146354,28.4995
65.07597202,-0.743154,28.4995
65.07342826,-0.74482878,28.4995
65.07088904,-0.74651065,28.4995
65.06836059,-0.74820482,28.4939
65.06583797,-0.74988048,28.4939
65.06330787,-0.75153608,28.4939
65.06077326,-0.75318956,28.4939
65.0582342,-0.7548447,28.4939
65.05569346,-0.75650837,28.502
65.05315424,-0.75817775,28.502
65.05061279,-0.75985024,28.502
65.04806936,-0.76152887,28.502
65.04552407,-0.7632085,28.502
65.04298276,-0.76488769,28.4951
65.04045058,-0.76655502,28.4951
65.03792999,-0.7682348,28.4951
65.03540642,-0.76991926,28.4951
65.03287017,-0.77157746,28.4951
65.03032949,-0.7732238,28.485
65.02780107,-0.77487953,28.485
65.02528049,-0.77654714,28.485
65.02275261,-0.77820595,28.485
65.02021104,-0.7798615,28.485
65.01766882,-0.78152521,28.4828
65.01512611,-0.78318375,28.4828
65.01258032,-0.78485074,28.4828
65.01004298,-0.78652125,28.4828
65.007513,-0.78817286,28.4828
65.0049874,-0.78983201,28.4792
65.00247846,-0.79150119,28.4792
64.99997125,-0.79316163,28.4792
64.99745167,-0.79480096,28.4792
64.99493589,-0.79646992,28.4792
64.99243732,-0.79815594,28.4818
64.98993276,-0.79982895,28.4818
64.98740812,-0.80146893,28.4818
64.98488555,-0.80310252,28.4818
64.98236796,-0.80474652,28.4818
64.97985397,-0.80641096,28.4846
64.97733743,-0.80807141,28.4846
64.97481559,-0.80972728,28.4846
64.97230146,-0.81137504,28.4846
64.96978133,-0.81299981,28.4846
64.96726784,-0.81463235,28.4811
64.96476639,-0.81628096,28.4811
64.96226994,-0.81794989,28.4811
64.95975979,-0.81960451,28.4811
64.95725754,-0.82127193,28.4811
64.95475357,-0.82292821,28.4851
64.95224285,-0.82458387,28.4851
64.94973596,-0.82624842,28.4851
64.94721774,-0.82788818,28.4851
64.94470064,-0.82952181,28.4851
64.94218721,-0.83119066,28.4904
64.93965617,-0.83286627,28.4904
64.9371244,-0.8345268,28.4904
64.93459071,-0.83618557,28.4904
64.93205507,-0.83784172,28.4904
64.92952217,-0.83949958,28.485
64.9269843,-0.84118018,28.485
64.92444619,-0.84288269,28.485
64.92189973,-0.84456291,28.485
64.91935247,-0.84625088,28.485
64.91680251,-0.84792719,28.4811
64.91424709,-0.84960229,28.4811
64.91168633,-0.85128692,28.4811
64.90914554,-0.85298819,28.4811
64.90658761,-0.85466478,28.4811
64.90402146,-0.8563564,28.4715
64.90145148,-0.85804861,28.4715
64.89887607,-0.85973251,28.4715
64.89630561,-0.86140696,28.4715
64.89374422,-0.86309414,28.4715
64.89118772,-0.86479218,28.4719
64.88864134,-0.8665075,28.4719
64.88609483,-0.86820525,28.4719
64.88353587,-0.86987405,28.4719
64.88099339,-0.87154991,28.4719
64.87847143,-0.87323371,28.4719
64.87593551,-0.87488676,28.4719
64.87339597,-0.8765464,28.4719
64.87085581,-0.87820803,28.4719
64.86832279,-0.87987718,28.4719
64.86577936,-0.88153945,28.5147
64.86323171,-0.88319277,28.5147
64.8606916,-0.88484518,28.5147
64.85815722,-0.88650485,28.5147
64.85562939,-0.88818551,28.5147
64.85309138,-0.88986757,28.4952
64.85053585,-0.89152148,28.4952
64.84797053,-0.8931635,28.4952
64.84541323,-0.89482204,28.4952
64.84287842,-0.89650444,28.4952
64.84034436,-0.8981686,28.4799
64.83781381,-0.89983298,28.4799
64.83528811,-0.90150343,28.4799
64.83277039,-0.9031799,28.4799
64.83025046,-0.9048459,28.4799
64.82774222,-0.90653439,28.4942
64.82523212,-0.90821996,28.4942
64.82272097,-0.90988719,28.4942
64.82021057,-0.9115453,28.4942
64.81769804,-0.91318081,28.4942
64.81517988,-0.91481161,28.4854
64.81266887,-0.91646483,28.4854
64.81015008,-0.91811083,28.4854
64.80762434,-0.91975625,28.4854
64.80509966,-0.92140065,28.4854
64.80257266,-0.9230359,28.4662
64.80005284,-0.92468252,28.4662
64.79752694,-0.92632488,28.4662
64.7950036,-0.92798577,28.4662
64.79248652,-0.92965497,28.4662
64.78996175,-0.93130959,28.4728
64.78744179,-0.93297249,28.4728
64.78492948,-0.93464392,28.4728
64.78242263,-0.93631583,28.4728
64.77990953,-0.93798193,28.4728
64.77739228,-0.93963112,28.4622
64.77488854,-0.94127349,28.4622
64.77239134,-0.94292582,28.4622
64.7698913,-0.94458162,28.4622
64.76738594,-0.94622809,28.4622
64.76488823,-0.94786559,28.4522
64.76239664,-0.94950094,28.4522
64.75990108,-0.9511419,28.4522
64.75739983,-0.95279619,28.4522
64.75489367,-0.95444874,28.4522
64.75240321,-0.95614083,28.4341
64.74989275,-0.95779724,28.4341
64.74737492,-0.95942021,28.4341
64.74486631,-0.96106416,28.4341
64.742354,-0.96270788,28.4341
64.73985619,-0.96436108,28.4319
64.73736619,-0.96600211,28.4319
64.73487227,-0.96764158,28.4319
64.73239033,-0.96929842,28.4319
64.72989826,-0.97092349,28.4319
64.72741047,-0.97255258,28.4273
64.72491352,-0.97417835,28.4273
64.72241167,-0.97580575,28.4273
64.71991428,-0.97744529,28.4273
64.71740883,-0.97908835,28.4273
64.71489003,-0.98073508,28.4181
64.71236955,-0.98238942,28.4181
64.70986113,-0.98407306,28.4181
64.70735459,-0.9857674,28.4181
64.70484521,-0.9874512,28.4181
64.7023335,-0.98912975,28.4008
64.69981541,-0.99080816,28.4008
64.69730282,-0.99249873,28.4008
64.69478803,-0.99416765,28.4008
64.6922599,-0.99580571,28.4008
64.68973115,-0.99745323,28.3873
64.68721129,-0.99912901,28.3873
64.68471472,-1.00078379,28.3873
64.68214191,-1.00248256,28.3873
64.67966402,-1.00410561,28.3873
64.67714679,-1.00577009,28.3869
64.67463061,-1.00742966,28.3869
64.67211997,-1.00908431,28.3869
64.66960916,-1.01074518,28.3869
64.66709537,-1.01240974,28.3869
64.66457083,-1.01406494,28.3925
64.66204573,-1.01573399,28.3925
64.65952032,-1.01740528,28.3925
64.65697301,-1.01904491,28.3925
64.65441159,-1.02068864,28.3925
64.65187592,-1.02237179,28.4059
64.64934002,-1.02403189,28.4059
64.64681662,-1.02571273,28.4059
64.64430701,-1.02740005,28.4059
64.64178092,-1.02904135,28.4059
64.63925112,-1.03069562,28.3989
64.63671718,-1.03235017,28.3989
64.63416964,-1.03400197,28.3989
64.63159896,-1.03565694,28.3989
64.62902741,-1.03732082,28.3989
64.62647288,-1.03901613,28.3922
64.62392832,-1.04070808,28.3922
64.62138132,-1.04238477,28.3922
64.61884284,-1.04407692,28.3922
64.61628457,-1.04573373,28.3922
64.61372208,-1.04739099,28.3837
64.61117398,-1.04907299,28.3837
64.60862919,-1.05075257,28.3837
64.60609682,-1.05244782,28.3837
64.60356798,-1.05415536,28.3837
64.6010236,-1.05585319,28.3787
64.59847867,-1.05756532,28.3787
64.59593213,-1.05925957,28.3787
64.59338938,-1.0609355,28.3787
64.59084327,-1.06259809,28.3787
64.58829555,-1.06426587,28.3871
64.58575395,-1.06594614,28.3871
64.58321611,-1.06762166,28.3871
64.58069783,-1.06930853,28.3871
64.57816768,-1.07097085,28.3871
64.5756388,-1.07261995,28.3808
64.57311378,-1.07425999,28.3808
64.57058418,-1.07589959,28.3808
64.5680566,-1.07754299,28.3808
64.5655401,-1.07920596,28.3808
64.5630236,-1.08085521,28.3729
64.56051392,-1.08251751,28.3729
64.55800331,-1.08416794,28.3729
64.55548648,-1.08581768,28.3729
64.5529628,-1.08745695,28.3729
64.55045358,-1.08910639,28.3904
64.54795587,-1.09074743,28.3904
64.54545388,-1.09237939,28.3904
64.54294843,-1.09401577,28.3904
64.54044958,-1.09566763,28.3904
64.53796319,-1.09734432,28.3926
64.53547467,-1.09901546,28.3926
64.53298142,-1.10066665,28.3926
64.5304938,-1.10230809,28.3926
64.52800221,-1.10392233,28.3926
64.52551289,-1.10552388,28.4104
64.52302985,-1.10713665,28.4104
64.52055592,-1.10876094,28.4104
64.5180859,-1.11038892,28.4104
64.51561385,-1.11202302,28.4104
64.51314411,-1.11367574,28.42
64.51066641,-1.11532578,28.42
64.50818362,-1.11695959,28.42
64.50570748,-1.11858979,28.42
64.50325325,-1.1202037,28.42
64.50081479,-1.12180932,28.4142
64.49839049,-1.12342313,28.4142
64.49596557,-1.12502257,28.4142
64.49353716,-1.12659653,28.4142
64.49109919,-1.12816544,28.4142
64.48867293,-1.12975525,28.5077
64.48624375,-1.13134514,28.5077
64.48380983,-1.13294314,28.5077
64.48137822,-1.13454018,28.5077
64.47894916,-1.13615601,28.5077
64.47651766,-1.13776309,28.4898
64.47408711,-1.13936807,28.4898
64.47165163,-1.14095845,28.4898
64.46922135,-1.14255537,28.4898
64.46679924,-1.14417805,28.4898
64.4643742,-1.14578406,28.5003
64.46194376,-1.14737555,28.5003
64.45952179,-1.14896289,28.5003
64.45709728,-1.15053849,28.5003
64.45467719,-1.15212237,28.5003
64.45227409,-1.153727,28.4975
64.44986334,-1.1553297,28.4975
64.44744746,-1.15694935,28.4975
64.44502698,-1.15856074,28.4975
64.44259315,-1.16014518,28.4975
64.44016108,-1.16173866,28.5006
64.43773207,-1.16335048,28.5006
64.43530705,-1.16493828,28.5006
64.43287985,-1.1665134,28.5006
64.43043936,-1.16808159,28.5006
64.42801,-1.1696613,28.5104
64.42558611,-1.17126254,28.5104
64.4231729,-1.17287445,28.5104
64.4207633,-1.17446788,28.5104
64.41835013,-1.17603131,28.5104
64.41592824,-1.17758241,28.4951
64.41350869,-1.17915863,28.4951
64.41108842,-1.18074416,28.4951
64.40866645,-1.18232497,28.4951
64.4062368,-1.18392079,28.4951
64.40380737,-1.18552302,28.4985
64.40138628,-1.18713017,28.4985
64.39896262,-1.18874822,28.4985
64.39653457,-1.1903839,28.4985
64.39410288,-1.19200618,28.4985
64.3916691,-1.19362459,28.4822
64.38922883,-1.19523521,28.4822
64.38677883,-1.19685314,28.4822
64.38432198,-1.1984826,28.4822
64.38187323,-1.20011214,28.4822
64.37941481,-1.20172898,28.4721
64.37695769,-1.20335186,28.4721
64.37450539,-1.20497132,28.4721
64.37204936,-1.20657498,28.4721
64.36958495,-1.20817268,28.4721
64.36712828,-1.20977524,28.4655
64.36469033,-1.21139828,28.4655
64.36224824,-1.21302574,28.4655
64.35979837,-1.2146422,28.4655
64.35734796,-1.21625992,28.4655
64.35490586,-1.21789673,28.4727
64.35244929,-1.21951784,28.4727
64.34998055,-1.22112431,28.4727
64.34751844,-1.2227275,28.4727
64.34507842,-1.22435108,28.4727
64.34266189,-1.22598135,28.4891
64.34025439,-1.22759208,28.4891
64.33784871,-1.22918832,28.4891
64.33543449,-1.2307726,28.4891
64.33302023,-1.23234183,28.4891
64.33062217,-1.23392982,28.4524
64.32821998,-1.23553061,28.4524
64.32580604,-1.23710056,28.4524
64.32337783,-1.23865822,28.4524
64.32095729,-1.24024573,28.4524
64.31854483,-1.24185247,28.4445
64.31613186,-1.2434448,28.4445
64.31372984,-1.24504046,28.4445
64.31132065,-1.24662253,28.4445
64.30891368,-1.24822297,28.4445
64.30649384,-1.2498146,28.4607
64.30406291,-1.25139234,28.4607
64.30162717,-1.25296855,28.4607
64.29919791,-1.2545649,28.4607
64.296768,-1.25614234,28.4607
64.29433922,-1.25772274,28.4642
64.29190722,-1.25932324,28.4642
64.2894759,-1.26094122,28.4642
64.28704495,-1.26253934,28.4642
64.28461194,-1.26413089,28.4642
64.28217857,-1.26573257,28.4178
64.27974244,-1.26733551,28.4178
64.27730521,-1.26893387,28.4178
64.27487229,-1.27054978,28.4178
64.27245678,-1.27218301,28.4178
64.2700277,-1.27379242,28.4268
64.26759411,-1.27539311,28.4268
64.2651713,-1.27698902,28.4268
64.26273387,-1.27859161,28.4268
64.26027957,-1.28019919,28.4268
64.25781416,-1.28181019,28.4649
64.2553401,-1.28341218,28.4649
64.2528776,-1.28502897,28.4649
64.25041997,-1.2866479,28.4649
64.2479704,-1.28826808,28.4649
64.24554199,-1.289889,28.4558
64.24310869,-1.29149457,28.4558
64.24067657,-1.29309361,28.4558
64.23823867,-1.2946759,28.4558
64.23581093,-1.29626651,28.4558
64.23339332,-1.29787403,28.4613
64.23097089,-1.29948262,28.4613
64.22853788,-1.3010707,28.4613
64.22611753,-1.30267544,28.4613
64.22369134,-1.3042737,28.4613
64.22126923,-1.30589161,28.4492
64.21883739,-1.30751331,28.4492
64.21639215,-1.30911614,28.4492
64.2139315,-1.31070226,28.4492
64.21145774,-1.31230321,28.4492
64.20899415,-1.31391683,28.4488
64.20654211,-1.31553493,28.4488
64.2041112,-1.31717466,28.4488
64.20167351,-1.31878672,28.4488
64.19923231,-1.32038577,28.4488
64.19677941,-1.32195895,28.4419
64.19433168,-1.32355678,28.4419
64.19188358,-1.32517354,28.4419
64.18943498,-1.32679844,28.4419
64.1869997,-1.32841768,28.4419
64.18457608,-1.33002347,28.4322
64.18214011,-1.33161872,28.4322
64.17970719,-1.33322479,28.4322
64.17728109,-1.33482005,28.4322
64.17485691,-1.33640964,28.4322
64.17244089,-1.33800898,28.4408
64.17001036,-1.3395885,28.4408
64.16757255,-1.34117279,28.4408
64.16513228,-1.34277101,28.4408
64.16269341,-1.34439269,28.4408
64.16024373,-1.34600854,28.4387
64.15779074,-1.34761395,28.4387
64.15534946,-1.34923489,28.4387
64.15291728,-1.35085904,28.4387
64.15048319,-1.35246391,28.4387
64.14804952,-1.35407064,28.4402
64.14560693,-1.35566271,28.4402
64.14317141,-1.35727286,28.4402
64.14072493,-1.35887761,28.4402
64.13826768,-1.36047267,28.4402
64.13581886,-1.36209722,28.4491
64.13339188,-1.36373985,28.4491
64.13095487,-1.36536186,28.4491
64.12851242,-1.36696012,28.4491
64.12607332,-1.36852767,28.4491
64.12364004,-1.37009451,28.4383
64.12120164,-1.37167516,28.4383
64.1187588,-1.3732825,28.4383
64.11632899,-1.37492238,28.4383
64.11389448,-1.37652957,28.4383
64.11144712,-1.37811535,28.4409
64.10900183,-1.37971608,28.4409
64.10655598,-1.38132862,28.4409
64.10410663,-1.38294936,28.4409
64.10164491,-1.38456326,28.4409
64.09918684,-1.38618763,28.4383
64.09673604,-1.38782074,28.4383
64.09427096,-1.3894238,28.4383
64.09181133,-1.391039,28.4383
64.08937412,-1.39266535,28.4383
64.08693052,-1.39425324,28.4409
64.08448335,-1.39584472,28.4409
64.08204456,-1.39745909,28.4409
64.07960849,-1.3990702,28.4409
64.07716976,-1.40066084,28.4409
64.07474198,-1.4022463,28.4431
64.07231884,-1.4038362,28.4431
64.06988572,-1.40543239,28.4431
64.06745378,-1.40704771,28.4431
64.06501024,-1.40864171,28.4431
64.06256083,-1.41025878,28.4302
64.06011686,-1.4118966,28.4302
64.05766166,-1.41348831,28.4302
64.05519829,-1.41509266,28.4302
64.05273916,-1.41671381,28.4302
64.05029769,-1.41833064,28.4183
64.04785108,-1.41994231,28.4183
64.04540493,-1.42155982,28.4183
64.04296007,-1.42318363,28.4183
64.04051872,-1.42481661,28.4183
64.03808068,-1.42645258,28.4095
64.03563882,-1.42807571,28.4095
64.03319484,-1.42969513,28.4095
64.03074411,-1.43129458,28.4095
64.02829641,-1.43290438,28.4095
64.0258564,-1.43453141,28.3954
64.02341824,-1.43615015,28.3954
64.020968,-1.4377261,28.3954
64.01849643,-1.43930104,28.3954
64.01603115,-1.44091167,28.3954
64.01359605,-1.44255268,28.3962
64.01116072,-1.4441739,28.3962
64.00871579,-1.44579212,28.3962
64.00625829,-1.44740907,28.3962
64.00379575,-1.44902988,28.3962
64.00132581,-1.4506458,28.4027
63.99884322,-1.45225342,28.4027
63.99636221,-1.45387537,28.4027
63.9938972,-1.4555139,28.4027
63.99142592,-1.45713558,28.4027
63.98895481,-1.45875554,28.3977
63.98646597,-1.46037529,28.3977
63.98395983,-1.46201111,28.3977
63.98146901,-1.4636692,28.3977
63.97899002,-1.46531988,28.3977
63.97650258,-1.46697036,28.3929
63.97399183,-1.46861146,28.3929
63.97146967,-1.47025666,28.3929
63.96895153,-1.47192072,28.3929
63.96643149,-1.47357583,28.3929
63.96392326,-1.47524348,28.3754
63.96143456,-1.47690373,28.3754
63.95893762,-1.47853396,28.3754
63.95644116,-1.48017131,28.3754
63.95396359,-1.48181671,28.3754
63.95148267,-1.48344323,28.367
63.94900647,-1.48508345,28.367
63.94653082,-1.48673906,28.367
63.944054,-1.48838248,28.367
63.94157272,-1.49002619,28.367
63.93909798,-1.49168021,28.3853
63.93661753,-1.49330618,28.3853
63.9341426,-1.49492343,28.3853
63.93164912,-1.49651286,28.3853
63.92916889,-1.49813135,28.3853
63.92669573,-1.49975381,28.4037
63.9242179,-1.50137538,28.4037
63.92173831,-1.50300092,28.4037
63.91926816,-1.50462748,28.4037
63.91679812,-1.50624288,28.4037
63.91433282,-1.50787297,28.4162
63.91186434,-1.5095235,28.4162
63.90938186,-1.51116684,28.4162
63.90688819,-1.51279253,28.4162
63.90441106,-1.5144127,28.4162
63.90193743,-1.51602418,28.4267
63.89945487,-1.51762137,28.4267
63.89697532,-1.51924291,28.4267
63.89451471,-1.52088872,28.4267
63.89205265,-1.52252081,28.4267
63.88958657,-1.52414828,28.455
63.88711034,-1.52577933,28.455
63.8846228,-1.52740441,28.455
63.88214023,-1.52903683,28.455
63.87966164,-1.53068074,28.455
63.87718098,-1.53231946,28.4492
63.87469224,-1.53395611,28.4492
63.87221034,-1.53560481,28.4492
63.86973568,-1.53724434,28.4492
63.86726061,-1.53886335,28.4492
63.86478702,-1.54051413,28.4648
63.86231633,-1.54215569,28.4648
63.85984588,-1.5437926,28.4648
63.85738451,-1.54543561,28.4648
63.85491254,-1.54706796,28.4648
63.85243602,-1.54869766,28.4633
63.84995446,-1.5503335,28.4633
63.84747574,-1.55196752,28.4633
63.84498632,-1.55359432,28.4633
63.84249248,-1.55521668,28.4633
63.8399902,-1.55682052,28.4544
63.83749109,-1.55844623,28.4544
63.83500034,-1.56009582,28.4544
63.8325092,-1.56174241,28.4544
63.83003314,-1.56338664,28.4544
63.82755418,-1.5650108,28.4732
63.82507553,-1.56664571,28.4732
63.82259734,-1.56828554,28.4732
63.82010539,-1.56989393,28.4732
63.81759694,-1.5715021,28.4732
63.81509273,-1.57312264,28.4548
63.8126033,-1.57477679,28.4548
63.81012703,-1.57644963,28.4548
63.80762645,-1.57808756,28.4548
63.80511569,-1.57970639,28.4548
63.80261041,-1.58133352,28.4274
63.80010728,-1.58297642,28.4274
63.79760249,-1.58463633,28.4274
63.79509954,-1.58629963,28.4274
63.79259465,-1.58796036,28.4274
63.79009501,-1.58961798,28.446
63.78759758,-1.59125987,28.446
63.78512426,-1.59292417,28.446
63.78264774,-1.59456832,28.446
63.78017789,-1.59618612,28.446
63.77771324,-1.59779962,28.455
63.77523551,-1.59939963,28.455
63.7727459,-1.60102283,28.455
63.77026758,-1.60268888,28.455
63.76777513,-1.60434665,28.455
63.76527611,-1.60598009,28.485
63.76279828,-1.60760193,28.485
63.76034269,-1.60923931,28.485
63.75787867,-1.61085597,28.485
63.75538435,-1.6124432,28.485
63.75288515,-1.61406143,28.4677
63.75039281,-1.61572324,28.4677
63.74792095,-1.61740849,28.4677
63.74545747,-1.61905772,28.4677
63.74297351,-1.62068313,28.4677
63.74048164,-1.62229794,28.466
63.73799854,-1.62391624,28.466
63.7355122,-1.62554962,28.466
63.73301909,-1.62717807,28.466
63.73052979,-1.62882306,28.466
63.72803732,-1.63045826,28.4586
63.72553601,-1.63208999,28.4586
63.72303574,-1.63373064,28.4586
63.72055534,-1.63536839,28.4586
63.7180716,-1.63700145,28.4586
63.71558104,-1.63866566,28.4662
63.71308601,-1.64034287,28.4662
63.71057444,-1.64199511,28.4662
63.70807719,-1.64366695,28.4662
63.7055852,-1.64531342,28.4662
63.70308949,-1.6469367,28.4772
63.70059344,-1.64855298,28.4772
63.69813272,-1.65015997,28.4772
63.69582516,-1.65170612,28.4772
63.69361387,-1.65317767,28.4772
63.69142326,-1.65460416,28.5024
63.68927576,-1.65600239,28.5024
63.6872191,-1.65733832,28.5024
63.68555482,-1.65842601,28.5024
63.68446279,-1.65900732,28.5024
63.68385114,-1.65913313,28.5089
63.68362333,-1.65906771,28.5089
63.683619,-1.65902418,28.5089
63.68370874,-1.65898138,28.5089
63.68377841,-1.65895924,28.5089
63.68379209,-1.65895303,28.463
63.68378203,-1.65896161,28.463
63.68377569,-1.65897349,28.463
63.68376802,-1.65896922,28.463
63.68378955,-1.65894091,28.463
63.68385565,-1.65891513,28.5181
63.68406566,-1.65893833,28.5181
63.68443075,-1.65894666,28.5181
63.6848896,-1.6589181,28.5181
63.68534891,-1.65890244,28.5181
63.68579204,-1.65889955,28.5438
63.68623697,-1.65891333,28.5438
63.68668046,-1.65894286,28.5438
63.68712583,-1.65898905,28.5438
63.68758863,-1.65904112,28.5438
63.68806299,-1.65909314,28.5662
63.68853492,-1.65913765,28.5662
63.68899467,-1.65917697,28.5662
63.68945274,-1.65921546,28.5662
63.68991592,-1.6592489,28.5662
63.69038483,-1.65927463,28.57
63.69084697,-1.65927118,28.57
63.69131283,-1.65926801,28.57
63.69180667,-1.65927292,28.57
63.69220924,-1.65922728,28.57
63.69241306,-1.6591233,28.58
63.69256474,-1.65909519,28.58
63.69271769,-1.65905257,28.58
63.692901,-1.6590445,28.58
63.69302574,-1.65901985,28.58
63.69317235,-1.65895091,28.6271
63.69344163,-1.65886606,28.6271
63.69371117,-1.65871872,28.6271
63.6939467,-1.65855337,28.6271
63.69423941,-1.65844729,28.6271
63.69459236,-1.65836327,28.6442
63.69491551,-1.65823348,28.6442
63.69518766,-1.65805496,28.6442
63.69545271,-1.65785752,28.6442
63.6957284,-1.65763682,28.6442
63.69607318,-1.65741972,28.621
63.69646163,-1.65719065,28.621
63.69689559,-1.65697963,28.621
63.69739803,-1.65679869,28.621
63.69795558,-1.65661612,28.621
63.69852155,-1.6564619,28.6407
63.69879482,-1.65643326,28.6407
63.69880382,-1.65643047,28.6407
63.69880759,-1.65642257,28.6407
63.69880569,-1.6564261,28.6407
63.69882553,-1.65642884,28.5697
63.69899919,-1.65639097,28.5697
63.69936245,-1.65629855,28.5697
63.69981495,-1.65622523,28.5697
63.70031545,-1.65614798,28.5697
63.70083002,-1.65594416,28.5765
63.70132054,-1.65545494,28.5765
63.70183263,-1.65496983,28.5765
63.70238608,-1.65461183,28.5765
63.70295944,-1.65432402,28.5765
63.70355256,-1.65408721,28.5059
63.70416416,-1.65389875,28.5059
63.7048029,-1.65372445,28.5059
63.70549066,-1.65344161,28.5059
63.70622911,-1.65294436,28.5059
63.70699393,-1.65236399,28.6368
63.70771116,-1.65190832,28.6368
63.7083915,-1.65155253,28.6368
63.70905687,-1.65127094,28.6368
63.70971516,-1.65105183,28.6368
63.71036745,-1.65088095,28.6667
63.71101141,-1.65074971,28.6667
63.71164377,-1.65066185,28.6667
63.71224653,-1.6506063,28.6667
63.71283622,-1.65055637,28.6667
63.7134641,-1.65055301,28.7003
63.7141899,-1.65053644,28.7003
63.71461399,-1.65025277,28.7003
63.71411935,-1.64999317,28.7003
63.71287166,-1.64986014,28.7003
63.71121945,-1.65011674,28.6588
63.7093839,-1.65102381,28.6588
63.70730669,-1.65234872,28.6588
63.70496007,-1.65380369,28.6588
63.70250611,-1.65529912,28.6588
63.70001566,-1.65680997,28.586
63.69751175,-1.65833278,28.586
63.69498648,-1.65985456,28.586
63.69245496,-1.6613955,28.586
63.68991349,-1.662942,28.586
63.6873668,-1.66449427,28.6049
63.68481081,-1.66602948,28.6049
63.68224739,-1.66756656,28.6049
63.67969686,-1.66910864,28.6049
63.67715791,-1.67063741,28.6049
63.67461947,-1.67215668,28.5751
63.67207578,-1.67368075,28.5751
63.66953651,-1.67521747,28.5751
63.66700636,-1.67676771,28.5751
63.66445411,-1.67831337,28.5751
63.66189738,-1.6798762,28.5709
63.65934435,-1.68143145,28.5709
63.65679326,-1.68296868,28.5709
63.65423686,-1.68450824,28.5709
63.65168835,-1.68606272,28.5709
63.64914069,-1.68760949,28.5763
63.64658933,-1.68915233,28.5763
63.64402435,-1.69067289,28.5763
63.64141522,-1.69208645,28.5763
63.63881948,-1.6935172,28.5763
63.63621722,-1.69489381,28.6022
63.6336123,-1.69623415,28.6022
63.63099061,-1.69753205,28.6022
63.62837367,-1.69882531,28.6022
63.62574708,-1.700112,28.6022
63.62309112,-1.70136416,28.6365
63.62041473,-1.70263571,28.6365
63.61774586,-1.7039837,28.6365
63.61513668,-1.70547951,28.6365
63.61254585,-1.70698103,28.6365
63.60996824,-1.7085052,28.6074
63.60740711,-1.71008907,28.6074
63.60489161,-1.71173565,28.6074
63.6023871,-1.71335672,28.6074
63.59987554,-1.71494001,28.6074
63.59736607,-1.71653771,28.6457
63.59484914,-1.71815658,28.6457
63.59234729,-1.71979653,28.6457
63.58985464,-1.72144099,28.6457
63.58735165,-1.7230914,28.6457
63.58484701,-1.72474232,28.6464
63.58233509,-1.72638983,28.6464
63.57981499,-1.7280597,28.6464
63.5772841,-1.72972355,28.6464
63.57475747,-1.73137624,28.6464
63.57222695,-1.73302274,28.6669
63.56970171,-1.73468573,28.6669
63.56717988,-1.73634709,28.6669
63.56465402,-1.73799531,28.6669
63.56212132,-1.73963088,28.6669
63.55959474,-1.74127093,28.6784
63.55708617,-1.74294486,28.6784
63.55457491,-1.74460727,28.6784
63.55206348,-1.74624808,28.6784
63.54955731,-1.74789461,28.6784
63.54704893,-1.74953426,28.6839
63.54454808,-1.7511681,28.6839
63.54206068,-1.75281085,28.6839
63.53958631,-1.75447154,28.6839
63.53709168,-1.75612635,28.6839
63.53459767,-1.75779674,28.7124
63.53210599,-1.75945688,28.7124
63.52959805,-1.76110163,28.7124
63.52708469,-1.76276254,28.7124
63.52458282,-1.76443925,28.7124
63.52207527,-1.76608806,28.7089
63.51956799,-1.7677149,28.7089
63.51706382,-1.76934376,28.7089
63.5145577,-1.77099912,28.7089
63.51204556,-1.77265054,28.7089
63.50953544,-1.77431203,28.7312
63.5070273,-1.77596687,28.7312
63.50451509,-1.77762816,28.7312
63.50200433,-1.77930284,28.7312
63.49948741,-1.78094104,28.7312
63.49698384,-1.78258815,28.7117
63.49450239,-1.78426968,28.7117
63.4920104,-1.7859137,28.7117
63.48950219,-1.78752718,28.7117
63.48698593,-1.78915205,28.7117
63.48447074,-1.79080425,28.7139
63.48196493,-1.79246078,28.7139
63.47946758,-1.7941078,28.7139
63.47694589,-1.79573041,28.7139
63.47441134,-1.79736869,28.7139
63.47188288,-1.79901184,28.6974
63.46937918,-1.80067637,28.6974
63.46689604,-1.80235142,28.6974
63.46442306,-1.80399741,28.6974
63.46196074,-1.80564182,28.6974
63.45949935,-1.80728608,28.727
63.4570274,-1.80889965,28.727
63.45455231,-1.81053184,28.727
63.45207102,-1.81217379,28.727
63.44958375,-1.81380734,28.727
63.44709307,-1.81543185,28.7749
63.44460165,-1.81705469,28.7749
63.44209649,-1.818678,28.7749
63.43958343,-1.82031479,28.7749
63.4370722,-1.82197675,28.7749
63.43457808,-1.82363513,28.7542
63.43208056,-1.82526595,28.7542
63.42958284,-1.82688294,28.7542
63.42708843,-1.82849801,28.7542
63.42459542,-1.8301152,28.7542
63.4221049,-1.83175737,28.7488
63.41960983,-1.83339547,28.7488
63.41712027,-1.83503015,28.7488
63.41464194,-1.83665639,28.7488
63.41215749,-1.83827805,28.7488
63.40967002,-1.83991244,28.7534
63.40718114,-1.84155142,28.7534
63.40469854,-1.84319772,28.7534
63.40221801,-1.84484675,28.7534
63.39973342,-1.84648441,28.7534
63.39724622,-1.84811697,28.7638
63.39475176,-1.8497503,28.7638
63.39225415,-1.85138552,28.7638
63.38974956,-1.85302027,28.7638
63.38723757,-1.8546712,28.7638
63.38473464,-1.85633394,28.7578
63.38223397,-1.85801037,28.7578
63.37973004,-1.85970066,28.7578
63.37720692,-1.86137125,28.7578
63.3746727,-1.86306034,28.7578
63.37213962,-1.86474878,28.7323
63.3696308,-1.86643759,28.7323
63.36712785,-1.86809679,28.7323
63.36462515,-1.86973784,28.7323
63.36212621,-1.87137517,28.7323
63.35962803,-1.87302179,28.7859
63.35713483,-1.87466406,28.7859
63.35462226,-1.87628169,28.7859
63.35211261,-1.87791559,28.7859
63.3496192,-1.87954167,28.7859
63.34714177,-1.88116052,28.8398
63.34466774,-1.88277816,28.8398
63.34218132,-1.88441191,28.8398
63.33968987,-1.88606801,28.8398
63.33718964,-1.8877352,28.8398
63.334689,-1.88940412,28.8577
63.33217743,-1.89104609,28.8577
63.32967074,-1.89270825,28.8577
63.32718059,-1.89437406,28.8577
63.32468172,-1.89600571,28.8577
63.32219562,-1.89763298,28.8494
63.31970235,-1.89925638,28.8494
63.31721997,-1.90088691,28.8494
63.31475771,-1.90251172,28.8494
63.31230542,-1.90412061,28.8494
63.30985888,-1.90571623,28.8369
63.30742097,-1.90733141,28.8369
63.30498874,-1.90895779,28.8369
63.30254127,-1.91055595,28.8369
63.30008699,-1.91216896,28.8369
63.29763804,-1.91377168,28.8227
63.29520012,-1.91536316,28.8227
63.29279082,-1.91697547,28.8227
63.2903687,-1.91858215,28.8227
63.28794096,-1.92019868,28.8227
63.28550612,-1.92180423,28.8311
63.28305882,-1.92340604,28.8311
63.28062011,-1.92502729,28.8311
63.27817521,-1.92661993,28.8311
63.27572747,-1.92819879,28.8311
63.27328649,-1.92981361,28.8251
63.27083545,-1.93144145,28.8251
63.26837323,-1.93306262,28.8251
63.26589733,-1.93467314,28.8251
63.26342886,-1.93629229,28.8251
63.26096986,-1.93793148,28.8149
63.25849724,-1.93956918,28.8149
63.25601746,-1.94119262,28.8149
63.25354763,-1.94281018,28.8149
63.25107839,-1.94444821,28.8149
63.24861059,-1.94607713,28.8135
63.24614567,-1.94767847,28.8135
63.24366519,-1.94928088,28.8135
63.24119732,-1.95090739,28.8135
63.23873573,-1.95253787,28.8135
63.23628578,-1.9541566,28.7912
63.23383592,-1.95576874,28.7912
63.23139849,-1.95737473,28.7912
63.22895485,-1.95895763,28.7912
63.22649133,-1.96054074,28.7912
63.22405227,-1.96219842,28.7797
63.22161711,-1.96385162,28.7797
63.21996573,-1.96493342,28.7797
